"","Initiator","Recipient","weight","round","Date","Period"
"1","MN62","MN33","1",1,"2021-06-02","1"
"2","MN62","MN39","1",1,"2021-06-02","1"
"3","MN62","MN67","1",1,"2021-06-02","1"
"4","MN62","MN45","1",1,"2021-06-02","1"
"5","MN62","MN56","1",1,"2021-06-02","1"
"6","MN33","MN39","1",1,"2021-06-02","1"
"7","MN33","MN67","1",1,"2021-06-02","1"
"8","MN33","MN45","1",1,"2021-06-02","1"
"9","MN33","MN56","1",1,"2021-06-02","1"
"10","MN39","MN67","1",1,"2021-06-02","1"
"11","MN39","MN45","1",1,"2021-06-02","1"
"12","MN39","MN56","1",1,"2021-06-02","1"
"13","MN67","MN45","1",1,"2021-06-02","1"
"14","MN67","MN56","1",1,"2021-06-02","1"
"15","MN45","MN56","1",1,"2021-06-02","1"
"16","MN40","MN21","1",1,"2021-06-02","1"
"17","MN2","MN28","1",1,"2021-06-02","1"
"18","MN36","MN8","1",1,"2021-06-02","1"
"19","MN12","MN32","1",1,"2021-06-02","1"
"20","MN65","MN20","1",1,"2021-06-02","1"
"21","MN65","MN54","1",1,"2021-06-02","1"
"22","MN20","MN54","1",1,"2021-06-02","1"
"23","MN23","MN35","1",1,"2021-06-02","1"
"24","MN23","MN29","1",1,"2021-06-02","1"
"25","MN35","MN29","1",1,"2021-06-02","1"
"26","MN62","MN45","1",2,"2021-06-02","1"
"27","MN40","MN21","1",2,"2021-06-02","1"
"28","MN41","MN63B","1",2,"2021-06-02","1"
"29","MN28","MN2","1",2,"2021-06-02","1"
"30","MN53","MN12","1",2,"2021-06-02","1"
"31","MN54","MN20","1",2,"2021-06-02","1"
"32","MN54","MN65","1",2,"2021-06-02","1"
"33","MN20","MN65","1",2,"2021-06-02","1"
"34","MN59","MN23","1",2,"2021-06-02","1"
"35","MN62","MN45","1",3,"2021-06-02","1"
"36","MN62","MN56","1",3,"2021-06-02","1"
"37","MN62","MN67","1",3,"2021-06-02","1"
"38","MN62","MN39","1",3,"2021-06-02","1"
"39","MN45","MN56","1",3,"2021-06-02","1"
"40","MN45","MN67","1",3,"2021-06-02","1"
"41","MN45","MN39","1",3,"2021-06-02","1"
"42","MN56","MN67","1",3,"2021-06-02","1"
"43","MN56","MN39","1",3,"2021-06-02","1"
"44","MN67","MN39","1",3,"2021-06-02","1"
"45","MN40","MN21","1",3,"2021-06-02","1"
"46","MN2","MN28","1",3,"2021-06-02","1"
"47","MN36","MN22","1",3,"2021-06-02","1"
"48","MN36","MN57","1",3,"2021-06-02","1"
"49","MN22","MN57","1",3,"2021-06-02","1"
"50","MN53","MN12","1",3,"2021-06-02","1"
"51","MN64","MN54","1",3,"2021-06-02","1"
"52","MN64","MN20","1",3,"2021-06-02","1"
"53","MN54","MN20","1",3,"2021-06-02","1"
"54","MN23","MN29","1",3,"2021-06-02","1"
"55","MN23","MN35","1",3,"2021-06-02","1"
"56","MN23","MN55","1",3,"2021-06-02","1"
"57","MN29","MN35","1",3,"2021-06-02","1"
"58","MN29","MN55","1",3,"2021-06-02","1"
"59","MN35","MN55","1",3,"2021-06-02","1"
"60","MN45","MN62","1",4,"2021-06-02","1"
"61","MN45","MN67","1",4,"2021-06-02","1"
"62","MN45","MN56","1",4,"2021-06-02","1"
"63","MN45","MN39","1",4,"2021-06-02","1"
"64","MN62","MN67","1",4,"2021-06-02","1"
"65","MN62","MN56","1",4,"2021-06-02","1"
"66","MN62","MN39","1",4,"2021-06-02","1"
"67","MN67","MN56","1",4,"2021-06-02","1"
"68","MN67","MN39","1",4,"2021-06-02","1"
"69","MN56","MN39","1",4,"2021-06-02","1"
"70","MN40","MN21","1",4,"2021-06-02","1"
"71","MN41","MN63B","1",4,"2021-06-02","1"
"72","MN59","MN29","1",4,"2021-06-02","1"
"73","MN59","MN35","1",4,"2021-06-02","1"
"74","MN59","MN55","1",4,"2021-06-02","1"
"75","MN29","MN35","1",4,"2021-06-02","1"
"76","MN29","MN55","1",4,"2021-06-02","1"
"77","MN35","MN55","1",4,"2021-06-02","1"
"78","MN43","MN65","1",4,"2021-06-03","1"
"79","MN31","MN44","1",4,"2021-06-03","1"
"80","MN31","MN2","1",4,"2021-06-03","1"
"81","MN31","MN11","1",4,"2021-06-03","1"
"82","MN31","MN1","1",4,"2021-06-03","1"
"83","MN31","MN28","1",4,"2021-06-03","1"
"84","MN44","MN2","1",4,"2021-06-03","1"
"85","MN44","MN11","1",4,"2021-06-03","1"
"86","MN44","MN1","1",4,"2021-06-03","1"
"87","MN44","MN28","1",4,"2021-06-03","1"
"88","MN2","MN11","1",4,"2021-06-03","1"
"89","MN2","MN1","1",4,"2021-06-03","1"
"90","MN2","MN28","1",4,"2021-06-03","1"
"91","MN11","MN1","1",4,"2021-06-03","1"
"92","MN11","MN28","1",4,"2021-06-03","1"
"93","MN1","MN28","1",4,"2021-06-03","1"
"94","MN46","MN42","1",4,"2021-06-03","1"
"95","MN51","MN20","1",4,"2021-06-03","1"
"96","MN22","MN49","1",4,"2021-06-03","1"
"97","MN22","MN39","1",4,"2021-06-03","1"
"98","MN22","MN55","1",4,"2021-06-03","1"
"99","MN22","MN66","1",4,"2021-06-03","1"
"100","MN49","MN39","1",4,"2021-06-03","1"
"101","MN49","MN55","1",4,"2021-06-03","1"
"102","MN49","MN66","1",4,"2021-06-03","1"
"103","MN39","MN55","1",4,"2021-06-03","1"
"104","MN39","MN66","1",4,"2021-06-03","1"
"105","MN55","MN66","1",4,"2021-06-03","1"
"106","MN12","MN69","1",5,"2021-06-03","1"
"107","MN12","MN44","1",5,"2021-06-03","1"
"108","MN12","MN40","1",5,"2021-06-03","1"
"109","MN12","MN11","1",5,"2021-06-03","1"
"110","MN69","MN44","1",5,"2021-06-03","1"
"111","MN69","MN40","1",5,"2021-06-03","1"
"112","MN69","MN11","1",5,"2021-06-03","1"
"113","MN44","MN40","1",5,"2021-06-03","1"
"114","MN44","MN11","1",5,"2021-06-03","1"
"115","MN40","MN11","1",5,"2021-06-03","1"
"116","MN20","MN57","1",5,"2021-06-03","1"
"117","MN20","MN29","1",5,"2021-06-03","1"
"118","MN20","MN13A","1",5,"2021-06-03","1"
"119","MN20","MN61","1",5,"2021-06-03","1"
"120","MN57","MN29","1",5,"2021-06-03","1"
"121","MN57","MN13A","1",5,"2021-06-03","1"
"122","MN57","MN61","1",5,"2021-06-03","1"
"123","MN29","MN13A","1",5,"2021-06-03","1"
"124","MN29","MN61","1",5,"2021-06-03","1"
"125","MN13A","MN61","1",5,"2021-06-03","1"
"126","MN35","MN1","1",5,"2021-06-03","1"
"127","MN76","MN1","1",5,"2021-06-03","1"
"128","MN36","MN44","1",6,"2021-06-03","1"
"129","MN36","MN56","1",6,"2021-06-03","1"
"130","MN44","MN56","1",6,"2021-06-03","1"
"131","MN30","MN46","1",6,"2021-06-03","1"
"132","MN11","MN69","1",6,"2021-06-03","1"
"133","MN2","MN40","1",6,"2021-06-03","1"
"134","MN60","MN29","1",6,"2021-06-03","1"
"135","MN60","MN59","1",6,"2021-06-03","1"
"136","MN60","MN54","1",6,"2021-06-03","1"
"137","MN60","MN28","1",6,"2021-06-03","1"
"138","MN60","MN53","1",6,"2021-06-03","1"
"139","MN60","MN31","1",6,"2021-06-03","1"
"140","MN60","MN57","1",6,"2021-06-03","1"
"141","MN60","MN20","1",6,"2021-06-03","1"
"142","MN60","MN51","1",6,"2021-06-03","1"
"143","MN29","MN59","1",6,"2021-06-03","1"
"144","MN29","MN54","1",6,"2021-06-03","1"
"145","MN29","MN28","1",6,"2021-06-03","1"
"146","MN29","MN53","1",6,"2021-06-03","1"
"147","MN29","MN31","1",6,"2021-06-03","1"
"148","MN29","MN57","1",6,"2021-06-03","1"
"149","MN29","MN20","1",6,"2021-06-03","1"
"150","MN29","MN51","1",6,"2021-06-03","1"
"151","MN59","MN54","1",6,"2021-06-03","1"
"152","MN59","MN28","1",6,"2021-06-03","1"
"153","MN59","MN53","1",6,"2021-06-03","1"
"154","MN59","MN31","1",6,"2021-06-03","1"
"155","MN59","MN57","1",6,"2021-06-03","1"
"156","MN59","MN20","1",6,"2021-06-03","1"
"157","MN59","MN51","1",6,"2021-06-03","1"
"158","MN54","MN28","1",6,"2021-06-03","1"
"159","MN54","MN53","1",6,"2021-06-03","1"
"160","MN54","MN31","1",6,"2021-06-03","1"
"161","MN54","MN57","1",6,"2021-06-03","1"
"162","MN54","MN20","1",6,"2021-06-03","1"
"163","MN54","MN51","1",6,"2021-06-03","1"
"164","MN28","MN53","1",6,"2021-06-03","1"
"165","MN28","MN31","1",6,"2021-06-03","1"
"166","MN28","MN57","1",6,"2021-06-03","1"
"167","MN28","MN20","1",6,"2021-06-03","1"
"168","MN28","MN51","1",6,"2021-06-03","1"
"169","MN53","MN31","1",6,"2021-06-03","1"
"170","MN53","MN57","1",6,"2021-06-03","1"
"171","MN53","MN20","1",6,"2021-06-03","1"
"172","MN53","MN51","1",6,"2021-06-03","1"
"173","MN31","MN57","1",6,"2021-06-03","1"
"174","MN31","MN20","1",6,"2021-06-03","1"
"175","MN31","MN51","1",6,"2021-06-03","1"
"176","MN57","MN20","1",6,"2021-06-03","1"
"177","MN57","MN51","1",6,"2021-06-03","1"
"178","MN20","MN51","1",6,"2021-06-03","1"
"179","MN55","MN8","1",6,"2021-06-03","1"
"180","MN48","MN7","1",6,"2021-06-03","1"
"181","MN14","MN32","1",7,"2021-06-03","1"
"182","MN14","MN57","1",7,"2021-06-03","1"
"183","MN14","MN39","1",7,"2021-06-03","1"
"184","MN32","MN57","1",7,"2021-06-03","1"
"185","MN32","MN39","1",7,"2021-06-03","1"
"186","MN57","MN39","1",7,"2021-06-03","1"
"187","MN44","MN62","1",7,"2021-06-03","1"
"188","MN61","MN59","1",7,"2021-06-03","1"
"189","MN61","MN51","1",7,"2021-06-03","1"
"190","MN61","MN31","1",7,"2021-06-03","1"
"191","MN61","MN20","1",7,"2021-06-03","1"
"192","MN61","MN29","1",7,"2021-06-03","1"
"193","MN59","MN51","1",7,"2021-06-03","1"
"194","MN59","MN31","1",7,"2021-06-03","1"
"195","MN59","MN20","1",7,"2021-06-03","1"
"196","MN59","MN29","1",7,"2021-06-03","1"
"197","MN51","MN31","1",7,"2021-06-03","1"
"198","MN51","MN20","1",7,"2021-06-03","1"
"199","MN51","MN29","1",7,"2021-06-03","1"
"200","MN31","MN20","1",7,"2021-06-03","1"
"201","MN31","MN29","1",7,"2021-06-03","1"
"202","MN20","MN29","1",7,"2021-06-03","1"
"203","MN70","MN7","1",7,"2021-06-03","1"
"204","MN70","MN36","1",7,"2021-06-03","1"
"205","MN70","MN28","1",7,"2021-06-03","1"
"206","MN70","MN67","1",7,"2021-06-03","1"
"207","MN7","MN36","1",7,"2021-06-03","1"
"208","MN7","MN28","1",7,"2021-06-03","1"
"209","MN7","MN67","1",7,"2021-06-03","1"
"210","MN36","MN28","1",7,"2021-06-03","1"
"211","MN36","MN67","1",7,"2021-06-03","1"
"212","MN28","MN67","1",7,"2021-06-03","1"
"213","MN48","MN64","1",8,"2021-06-03","1"
"214","MN32","MN66","1",8,"2021-06-03","1"
"215","MN32","MN57","1",8,"2021-06-03","1"
"216","MN32","MN40","1",8,"2021-06-03","1"
"217","MN66","MN57","1",8,"2021-06-03","1"
"218","MN66","MN40","1",8,"2021-06-03","1"
"219","MN57","MN40","1",8,"2021-06-03","1"
"220","MN76","MN43","1",8,"2021-06-03","1"
"221","MN76","MN18","1",8,"2021-06-03","1"
"222","MN43","MN18","1",8,"2021-06-03","1"
"223","MN11","MN30","1",8,"2021-06-03","1"
"224","MN70","MN35","1",8,"2021-06-03","1"
"225","MN70","MN23","1",8,"2021-06-03","1"
"226","MN35","MN23","1",8,"2021-06-03","1"
"227","MN2","MN20","1",8,"2021-06-03","1"
"228","MN2","MN63B","1",8,"2021-06-03","1"
"229","MN2","MN59","1",8,"2021-06-03","1"
"230","MN2","MN29","1",8,"2021-06-03","1"
"231","MN20","MN63B","1",8,"2021-06-03","1"
"232","MN20","MN59","1",8,"2021-06-03","1"
"233","MN20","MN29","1",8,"2021-06-03","1"
"234","MN63B","MN59","1",8,"2021-06-03","1"
"235","MN63B","MN29","1",8,"2021-06-03","1"
"236","MN59","MN29","1",8,"2021-06-03","1"
"237","MN48","MN64","1",9,"2021-06-03","1"
"238","MN48","MN76","1",9,"2021-06-03","1"
"239","MN64","MN76","1",9,"2021-06-03","1"
"240","MN31","MN60","1",9,"2021-06-03","1"
"241","MN51","MN59","1",9,"2021-06-03","1"
"242","MN51","MN14","1",9,"2021-06-03","1"
"243","MN51","MN56","1",9,"2021-06-03","1"
"244","MN59","MN14","1",9,"2021-06-03","1"
"245","MN59","MN56","1",9,"2021-06-03","1"
"246","MN14","MN56","1",9,"2021-06-03","1"
"247","MN13B","MN70","1",9,"2021-06-03","1"
"248","MN13B","MN35","1",9,"2021-06-03","1"
"249","MN70","MN35","1",9,"2021-06-03","1"
"250","MN17","MN62","1",4,"2021-06-04","1"
"251","MN43","MN76","1",4,"2021-06-04","1"
"252","MN69","MN15","1",4,"2021-06-04","1"
"253","MN13B","MN64","1",4,"2021-06-04","1"
"254","MN19","MN60","1",4,"2021-06-04","1"
"255","MN35","MN45","1",4,"2021-06-04","1"
"256","MN35","MN48","1",4,"2021-06-04","1"
"257","MN35","MN55","1",4,"2021-06-04","1"
"258","MN45","MN48","1",4,"2021-06-04","1"
"259","MN45","MN55","1",4,"2021-06-04","1"
"260","MN48","MN55","1",4,"2021-06-04","1"
"261","MN38","MN56","1",4,"2021-06-04","1"
"262","MN38","MN20","1",4,"2021-06-04","1"
"263","MN38","MN21","1",4,"2021-06-04","1"
"264","MN56","MN20","1",4,"2021-06-04","1"
"265","MN56","MN21","1",4,"2021-06-04","1"
"266","MN20","MN21","1",4,"2021-06-04","1"
"267","MN46","MN42","1",4,"2021-06-04","1"
"268","MN17","MN30","1",5,"2021-06-04","1"
"269","MN17","MN62","1",5,"2021-06-04","1"
"270","MN30","MN62","1",5,"2021-06-04","1"
"271","MN76","MN43","1",5,"2021-06-04","1"
"272","MN59","MN28","1",5,"2021-06-04","1"
"273","MN28","MN32","1",5,"2021-06-04","1"
"274","MN28","MN60","1",5,"2021-06-04","1"
"275","MN32","MN60","1",5,"2021-06-04","1"
"276","MN55","MN48","1",5,"2021-06-04","1"
"277","MN55","MN45","1",5,"2021-06-04","1"
"278","MN55","MN2","1",5,"2021-06-04","1"
"279","MN48","MN45","1",5,"2021-06-04","1"
"280","MN48","MN2","1",5,"2021-06-04","1"
"281","MN45","MN2","1",5,"2021-06-04","1"
"282","MN38","MN21","1",5,"2021-06-04","1"
"283","MN46","MN66","1",5,"2021-06-04","1"
"284","MN46","MN1","1",5,"2021-06-04","1"
"285","MN46","MN56","1",5,"2021-06-04","1"
"286","MN66","MN1","1",5,"2021-06-04","1"
"287","MN66","MN56","1",5,"2021-06-04","1"
"288","MN1","MN56","1",5,"2021-06-04","1"
"289","MN76","MN43","1",6,"2021-06-04","1"
"290","MN58","MN42","1",6,"2021-06-04","1"
"291","MN58","MN60","1",6,"2021-06-04","1"
"292","MN42","MN60","1",6,"2021-06-04","1"
"293","MN55","MN19","1",6,"2021-06-04","1"
"294","MN55","MN45","1",6,"2021-06-04","1"
"295","MN55","MN48","1",6,"2021-06-04","1"
"296","MN55","MN35","1",6,"2021-06-04","1"
"297","MN55","MN20","1",6,"2021-06-04","1"
"298","MN55","MN21","1",6,"2021-06-04","1"
"299","MN55","MN38","1",6,"2021-06-04","1"
"300","MN45","MN48","1",6,"2021-06-04","1"
"301","MN45","MN35","1",6,"2021-06-04","1"
"302","MN48","MN35","1",6,"2021-06-04","1"
"303","MN20","MN21","1",6,"2021-06-04","1"
"304","MN20","MN38","1",6,"2021-06-04","1"
"305","MN21","MN38","1",6,"2021-06-04","1"
"306","MN70","MN12","1",6,"2021-06-04","1"
"307","MN70","MN49","1",6,"2021-06-04","1"
"308","MN12","MN49","1",6,"2021-06-04","1"
"309","MN14","MN40","1",6,"2021-06-04","1"
"310","MN30","MN17","1",7,"2021-06-04","1"
"311","MN30","MN62","1",7,"2021-06-04","1"
"312","MN17","MN62","1",7,"2021-06-04","1"
"313","MN55","MN37","1",7,"2021-06-04","1"
"314","MN76","MN43","1",7,"2021-06-04","1"
"315","MN56","MN42","1",7,"2021-06-04","1"
"316","MN56","MN61","1",7,"2021-06-04","1"
"317","MN42","MN61","1",7,"2021-06-04","1"
"318","MN19","MN60","1",7,"2021-06-04","1"
"319","MN48","MN44","1",7,"2021-06-04","1"
"320","MN21","MN20","1",7,"2021-06-04","1"
"321","MN2","MN49","1",7,"2021-06-04","1"
"322","MN30","MN62","1",8,"2021-06-04","1"
"323","MN43","MN76","1",8,"2021-06-04","1"
"324","MN28","MN64","1",8,"2021-06-04","1"
"325","MN19","MN60","1",8,"2021-06-04","1"
"326","MN63B","MN48","1",8,"2021-06-04","1"
"327","MN20","MN21","1",8,"2021-06-04","1"
"328","MN29","MN8","1",8,"2021-06-04","1"
"329","MN29","MN35","1",8,"2021-06-04","1"
"330","MN29","MN1","1",8,"2021-06-04","1"
"331","MN8","MN35","1",8,"2021-06-04","1"
"332","MN8","MN1","1",8,"2021-06-04","1"
"333","MN35","MN1","1",8,"2021-06-04","1"
"334","MN30","MN62","1",9,"2021-06-04","1"
"335","MN30","MN17","1",9,"2021-06-04","1"
"336","MN62","MN17","1",9,"2021-06-04","1"
"337","MN31","MN63B","1",9,"2021-06-04","1"
"338","MN60","MN19","1",9,"2021-06-04","1"
"339","MN45","MN48","1",9,"2021-06-04","1"
"340","MN45","MN43","1",9,"2021-06-04","1"
"341","MN48","MN43","1",9,"2021-06-04","1"
"342","MN46","MN38","1",9,"2021-06-04","1"
"343","MN20","MN21","1",9,"2021-06-04","1"
"344","MN67","MN26","1",9,"2021-06-04","1"
"345","MN42","MN66","1",9,"2021-06-04","1"
"346","MN42","MN12","1",9,"2021-06-04","1"
"347","MN42","MN14","1",9,"2021-06-04","1"
"348","MN66","MN12","1",9,"2021-06-04","1"
"349","MN66","MN14","1",9,"2021-06-04","1"
"350","MN12","MN14","1",9,"2021-06-04","1"
"351","MN56","MN30","1",1,"2021-06-05","1"
"352","MN54","MN15","1",1,"2021-06-05","1"
"353","MN20","MN21","1",1,"2021-06-05","1"
"354","MN29","MN31","1",1,"2021-06-05","1"
"355","MN29","MN16","1",1,"2021-06-05","1"
"356","MN29","MN38","1",1,"2021-06-05","1"
"357","MN31","MN16","1",1,"2021-06-05","1"
"358","MN31","MN38","1",1,"2021-06-05","1"
"359","MN16","MN38","1",1,"2021-06-05","1"
"360","MN8","MN70","1",1,"2021-06-05","1"
"361","MN8","MN66","1",1,"2021-06-05","1"
"362","MN70","MN66","1",1,"2021-06-05","1"
"363","MN35","MN36","1",1,"2021-06-05","1"
"364","MN17","MN30","1",2,"2021-06-05","1"
"365","MN39","MN54","1",2,"2021-06-05","1"
"366","MN39","MN15","1",2,"2021-06-05","1"
"367","MN54","MN15","1",2,"2021-06-05","1"
"368","MN23","MN8","1",2,"2021-06-05","1"
"369","MN2","MN76","1",2,"2021-06-05","1"
"370","MN21","MN20","1",2,"2021-06-05","1"
"371","MN16","MN29","1",2,"2021-06-05","1"
"372","MN16","MN32","1",2,"2021-06-05","1"
"373","MN39","MN15","1",3,"2021-06-05","1"
"374","MN39","MN54","1",3,"2021-06-05","1"
"375","MN15","MN54","1",3,"2021-06-05","1"
"376","MN23","MN46","1",3,"2021-06-05","1"
"377","MN23","MN64","1",3,"2021-06-05","1"
"378","MN23","MN60","1",3,"2021-06-05","1"
"379","MN46","MN64","1",3,"2021-06-05","1"
"380","MN46","MN60","1",3,"2021-06-05","1"
"381","MN64","MN60","1",3,"2021-06-05","1"
"382","MN36","MN66","1",3,"2021-06-05","1"
"383","MN21","MN20","1",3,"2021-06-05","1"
"384","MN31","MN29","1",3,"2021-06-05","1"
"385","MN31","MN16","1",3,"2021-06-05","1"
"386","MN29","MN16","1",3,"2021-06-05","1"
"387","MN32","MN28","1",4,"2021-06-05","1"
"388","MN32","MN56","1",4,"2021-06-05","1"
"389","MN28","MN56","1",4,"2021-06-05","1"
"390","MN56","MN40","1",4,"2021-06-05","1"
"391","MN56","MN69","1",4,"2021-06-05","1"
"392","MN56","MN59","1",4,"2021-06-05","1"
"393","MN15","MN54","1",4,"2021-06-05","1"
"394","MN11","MN55","1",4,"2021-06-05","1"
"395","MN61","MN76","1",4,"2021-06-05","1"
"396","MN40","MN69","1",4,"2021-06-05","1"
"397","MN40","MN59","1",4,"2021-06-05","1"
"398","MN69","MN59","1",4,"2021-06-05","1"
"399","MN46","MN68","1",4,"2021-06-05","1"
"400","MN46","MN60","1",4,"2021-06-05","1"
"401","MN68","MN60","1",4,"2021-06-05","1"
"402","MN31","MN27","1",4,"2021-06-05","1"
"403","MN21","MN20","1",4,"2021-06-05","1"
"404","MN64","MN8","1",4,"2021-06-05","1"
"405","MN17","MN30","1",5,"2021-06-05","1"
"406","MN28","MN32","1",5,"2021-06-05","1"
"407","MN15","MN54","1",5,"2021-06-05","1"
"408","MN56","MN63B","1",5,"2021-06-05","1"
"409","MN21","MN20","1",5,"2021-06-05","1"
"410","MN21","MN16","1",5,"2021-06-05","1"
"411","MN20","MN16","1",5,"2021-06-05","1"
"412","MN19","MN70","1",5,"2021-06-05","1"
"413","MN35","MN66","1",5,"2021-06-05","1"
"414","MN17","MN30","1",6,"2021-06-05","1"
"415","MN17","MN62","1",6,"2021-06-05","1"
"416","MN17","MN39","1",6,"2021-06-05","1"
"417","MN17","MN59","1",6,"2021-06-05","1"
"418","MN17","MN40","1",6,"2021-06-05","1"
"419","MN30","MN62","1",6,"2021-06-05","1"
"420","MN30","MN39","1",6,"2021-06-05","1"
"421","MN62","MN39","1",6,"2021-06-05","1"
"422","MN32","MN28","1",6,"2021-06-05","1"
"423","MN15","MN54","1",6,"2021-06-05","1"
"424","MN44","MN55","1",6,"2021-06-05","1"
"425","MN59","MN40","1",6,"2021-06-05","1"
"426","MN31","MN33","1",6,"2021-06-05","1"
"427","MN21","MN20","1",6,"2021-06-05","1"
"428","MN76","MN2","1",6,"2021-06-05","1"
"429","MN8","MN67","1",6,"2021-06-05","1"
"430","MN8","MN66","1",6,"2021-06-05","1"
"431","MN67","MN66","1",6,"2021-06-05","1"
"432","MN17","MN32","1",1,"2021-06-06","1"
"433","MN17","MN28","1",1,"2021-06-06","1"
"434","MN32","MN28","1",1,"2021-06-06","1"
"435","MN54","MN76","1",1,"2021-06-06","1"
"436","MN54","MN42","1",1,"2021-06-06","1"
"437","MN76","MN42","1",1,"2021-06-06","1"
"438","MN59","MN40","1",1,"2021-06-06","1"
"439","MN69","MN22","1",1,"2021-06-06","1"
"440","MN64","MN60","1",1,"2021-06-06","1"
"441","MN61","MN45","1",1,"2021-06-06","1"
"442","MN8","MN18","1",1,"2021-06-06","1"
"443","MN48","MN2","1",1,"2021-06-06","1"
"444","MN70","MN21","1",1,"2021-06-06","1"
"445","MN70","MN20","1",1,"2021-06-06","1"
"446","MN70","MN1","1",1,"2021-06-06","1"
"447","MN21","MN20","1",1,"2021-06-06","1"
"448","MN21","MN1","1",1,"2021-06-06","1"
"449","MN20","MN1","1",1,"2021-06-06","1"
"450","MN17","MN32","1",2,"2021-06-06","1"
"451","MN17","MN28","1",2,"2021-06-06","1"
"452","MN17","MN70","1",2,"2021-06-06","1"
"453","MN17","MN20","1",2,"2021-06-06","1"
"454","MN32","MN28","1",2,"2021-06-06","1"
"455","MN13A","MN13B","1",2,"2021-06-06","1"
"456","MN42","MN8","1",2,"2021-06-06","1"
"457","MN42","MN56","1",2,"2021-06-06","1"
"458","MN42","MN76","1",2,"2021-06-06","1"
"459","MN42","MN54","1",2,"2021-06-06","1"
"460","MN8","MN56","1",2,"2021-06-06","1"
"461","MN8","MN76","1",2,"2021-06-06","1"
"462","MN8","MN54","1",2,"2021-06-06","1"
"463","MN56","MN76","1",2,"2021-06-06","1"
"464","MN56","MN54","1",2,"2021-06-06","1"
"465","MN76","MN54","1",2,"2021-06-06","1"
"466","MN22","MN69","1",2,"2021-06-06","1"
"467","MN12","MN62","1",2,"2021-06-06","1"
"468","MN51","MN14","1",2,"2021-06-06","1"
"469","MN70","MN20","1",2,"2021-06-06","1"
"470","MN28","MN17","1",3,"2021-06-06","1"
"471","MN28","MN32","1",3,"2021-06-06","1"
"472","MN17","MN32","1",3,"2021-06-06","1"
"473","MN60","MN23","1",3,"2021-06-06","1"
"474","MN41","MN44","1",3,"2021-06-06","1"
"475","MN40","MN59","1",3,"2021-06-06","1"
"476","MN69","MN22","1",3,"2021-06-06","1"
"477","MN20","MN21","1",3,"2021-06-06","1"
"478","MN20","MN70","1",3,"2021-06-06","1"
"479","MN21","MN70","1",3,"2021-06-06","1"
"480","MN56","MN30","1",4,"2021-06-06","1"
"481","MN39","MN28","1",4,"2021-06-06","1"
"482","MN39","MN17","1",4,"2021-06-06","1"
"483","MN39","MN32","1",4,"2021-06-06","1"
"484","MN28","MN17","1",4,"2021-06-06","1"
"485","MN28","MN32","1",4,"2021-06-06","1"
"486","MN17","MN32","1",4,"2021-06-06","1"
"487","MN41","MN44","1",4,"2021-06-06","1"
"488","MN59","MN40","1",4,"2021-06-06","1"
"489","MN64","MN76","1",4,"2021-06-06","1"
"490","MN67","MN16","1",4,"2021-06-06","1"
"491","MN70","MN21","1",4,"2021-06-06","1"
"492","MN70","MN20","1",4,"2021-06-06","1"
"493","MN21","MN20","1",4,"2021-06-06","1"
"494","MN12","MN60","1",4,"2021-06-06","1"
"495","MN56","MN30","1",5,"2021-06-06","1"
"496","MN32","MN28","1",5,"2021-06-06","1"
"497","MN32","MN17","1",5,"2021-06-06","1"
"498","MN28","MN17","1",5,"2021-06-06","1"
"499","MN13A","MN13B","1",5,"2021-06-06","1"
"500","MN40","MN59","1",5,"2021-06-06","1"
"501","MN69","MN42","1",5,"2021-06-06","1"
"502","MN16","MN67","1",5,"2021-06-06","1"
"503","MN21","MN20","1",5,"2021-06-06","1"
"504","MN21","MN70","1",5,"2021-06-06","1"
"505","MN20","MN70","1",5,"2021-06-06","1"
"506","MN46","MN64","1",5,"2021-06-06","1"
"507","MN46","MN43","1",5,"2021-06-06","1"
"508","MN46","MN31","1",5,"2021-06-06","1"
"509","MN64","MN43","1",5,"2021-06-06","1"
"510","MN64","MN31","1",5,"2021-06-06","1"
"511","MN43","MN31","1",5,"2021-06-06","1"
"512","MN32","MN28","1",6,"2021-06-06","1"
"513","MN32","MN17","1",6,"2021-06-06","1"
"514","MN28","MN17","1",6,"2021-06-06","1"
"515","MN54","MN76","1",6,"2021-06-06","1"
"516","MN54","MN67","1",6,"2021-06-06","1"
"517","MN76","MN67","1",6,"2021-06-06","1"
"518","MN20","MN21","1",6,"2021-06-06","1"
"519","MN20","MN1","1",6,"2021-06-06","1"
"520","MN21","MN1","1",6,"2021-06-06","1"
"521","MN45","MN48","1",6,"2021-06-06","1"
"522","MN45","MN66","1",6,"2021-06-06","1"
"523","MN48","MN66","1",6,"2021-06-06","1"
"524","MN30","MN32","1",1,"2021-06-07","1"
"525","MN30","MN28","1",1,"2021-06-07","1"
"526","MN30","MN17","1",1,"2021-06-07","1"
"527","MN32","MN28","1",1,"2021-06-07","1"
"528","MN32","MN17","1",1,"2021-06-07","1"
"529","MN28","MN17","1",1,"2021-06-07","1"
"530","MN54","MN15","1",1,"2021-06-07","1"
"531","MN45","MN42","1",1,"2021-06-07","1"
"532","MN59","MN40","1",1,"2021-06-07","1"
"533","MN33","MN48","1",1,"2021-06-07","1"
"534","MN33","MN12","1",1,"2021-06-07","1"
"535","MN48","MN12","1",1,"2021-06-07","1"
"536","MN39","MN8","1",1,"2021-06-07","1"
"537","MN39","MN18","1",1,"2021-06-07","1"
"538","MN8","MN18","1",1,"2021-06-07","1"
"539","MN71","MN41","1",1,"2021-06-07","1"
"540","MN71","MN20","1",1,"2021-06-07","1"
"541","MN71","MN21","1",1,"2021-06-07","1"
"542","MN20","MN21","1",1,"2021-06-07","1"
"543","MN64","MN66","1",1,"2021-06-07","1"
"544","MN64","MN1","1",1,"2021-06-07","1"
"545","MN64","MN19","1",1,"2021-06-07","1"
"546","MN66","MN1","1",1,"2021-06-07","1"
"547","MN66","MN19","1",1,"2021-06-07","1"
"548","MN1","MN19","1",1,"2021-06-07","1"
"549","MN32","MN28","1",2,"2021-06-07","1"
"550","MN32","MN17","1",2,"2021-06-07","1"
"551","MN28","MN17","1",2,"2021-06-07","1"
"552","MN54","MN15","1",2,"2021-06-07","1"
"553","MN40","MN59","1",2,"2021-06-07","1"
"554","MN22","MN69","1",2,"2021-06-07","1"
"555","MN12","MN33","1",2,"2021-06-07","1"
"556","MN18","MN26","1",2,"2021-06-07","1"
"557","MN20","MN70","1",2,"2021-06-07","1"
"558","MN23","MN62","1",2,"2021-06-07","1"
"559","MN32","MN17","1",3,"2021-06-07","1"
"560","MN32","MN28","1",3,"2021-06-07","1"
"561","MN32","MN55","1",3,"2021-06-07","1"
"562","MN32","MN2","1",3,"2021-06-07","1"
"563","MN17","MN28","1",3,"2021-06-07","1"
"564","MN17","MN55","1",3,"2021-06-07","1"
"565","MN17","MN2","1",3,"2021-06-07","1"
"566","MN28","MN55","1",3,"2021-06-07","1"
"567","MN28","MN2","1",3,"2021-06-07","1"
"568","MN55","MN2","1",3,"2021-06-07","1"
"569","MN13A","MN13B","1",3,"2021-06-07","1"
"570","MN63A","MN11","1",3,"2021-06-07","1"
"571","MN54","MN15","1",3,"2021-06-07","1"
"572","MN59","MN40","1",3,"2021-06-07","1"
"573","MN69","MN22","1",3,"2021-06-07","1"
"574","MN12","MN67","1",3,"2021-06-07","1"
"575","MN61","MN39","1",3,"2021-06-07","1"
"576","MN56","MN20","1",3,"2021-06-07","1"
"577","MN56","MN21","1",3,"2021-06-07","1"
"578","MN20","MN21","1",3,"2021-06-07","1"
"579","MN46","MN1","1",3,"2021-06-07","1"
"580","MN2","MN32","1",4,"2021-06-07","1"
"581","MN2","MN28","1",4,"2021-06-07","1"
"582","MN2","MN17","1",4,"2021-06-07","1"
"583","MN2","MN55","1",4,"2021-06-07","1"
"584","MN32","MN28","1",4,"2021-06-07","1"
"585","MN32","MN17","1",4,"2021-06-07","1"
"586","MN32","MN55","1",4,"2021-06-07","1"
"587","MN28","MN17","1",4,"2021-06-07","1"
"588","MN28","MN55","1",4,"2021-06-07","1"
"589","MN17","MN55","1",4,"2021-06-07","1"
"590","MN13A","MN13B","1",4,"2021-06-07","1"
"591","MN61","MN44","1",4,"2021-06-07","1"
"592","MN40","MN59","1",4,"2021-06-07","1"
"593","MN48","MN33","1",4,"2021-06-07","1"
"594","MN20","MN21","1",4,"2021-06-07","1"
"595","MN20","MN70","1",4,"2021-06-07","1"
"596","MN20","MN56","1",4,"2021-06-07","1"
"597","MN20","MN19","1",4,"2021-06-07","1"
"598","MN21","MN70","1",4,"2021-06-07","1"
"599","MN21","MN19","1",4,"2021-06-07","1"
"600","MN70","MN56","1",4,"2021-06-07","1"
"601","MN70","MN19","1",4,"2021-06-07","1"
"602","MN56","MN19","1",4,"2021-06-07","1"
"603","MN11","MN30","1",5,"2021-06-07","1"
"604","MN2","MN55","1",5,"2021-06-07","1"
"605","MN2","MN17","1",5,"2021-06-07","1"
"606","MN2","MN28","1",5,"2021-06-07","1"
"607","MN2","MN32","1",5,"2021-06-07","1"
"608","MN55","MN17","1",5,"2021-06-07","1"
"609","MN55","MN28","1",5,"2021-06-07","1"
"610","MN55","MN32","1",5,"2021-06-07","1"
"611","MN17","MN28","1",5,"2021-06-07","1"
"612","MN17","MN32","1",5,"2021-06-07","1"
"613","MN28","MN32","1",5,"2021-06-07","1"
"614","MN40","MN59","1",5,"2021-06-07","1"
"615","MN22","MN69","1",5,"2021-06-07","1"
"616","MN39","MN48","1",5,"2021-06-07","1"
"617","MN42","MN62","1",5,"2021-06-07","1"
"618","MN42","MN64","1",5,"2021-06-07","1"
"619","MN62","MN64","1",5,"2021-06-07","1"
"620","MN16","MN20","1",5,"2021-06-07","1"
"621","MN16","MN37","1",5,"2021-06-07","1"
"622","MN16","MN21","1",5,"2021-06-07","1"
"623","MN16","MN70","1",5,"2021-06-07","1"
"624","MN20","MN21","1",5,"2021-06-07","1"
"625","MN20","MN70","1",5,"2021-06-07","1"
"626","MN37","MN21","1",5,"2021-06-07","1"
"627","MN37","MN70","1",5,"2021-06-07","1"
"628","MN21","MN70","1",5,"2021-06-07","1"
"629","MN30","MN45","1",6,"2021-06-07","1"
"630","MN17","MN28","1",6,"2021-06-07","1"
"631","MN17","MN32","1",6,"2021-06-07","1"
"632","MN17","MN55","1",6,"2021-06-07","1"
"633","MN17","MN2","1",6,"2021-06-07","1"
"634","MN28","MN32","1",6,"2021-06-07","1"
"635","MN28","MN55","1",6,"2021-06-07","1"
"636","MN28","MN2","1",6,"2021-06-07","1"
"637","MN32","MN55","1",6,"2021-06-07","1"
"638","MN32","MN2","1",6,"2021-06-07","1"
"639","MN55","MN2","1",6,"2021-06-07","1"
"640","MN23","MN63A","1",6,"2021-06-07","1"
"641","MN63A","MN40","1",6,"2021-06-07","1"
"642","MN69","MN22","1",6,"2021-06-07","1"
"643","MN48","MN39","1",6,"2021-06-07","1"
"644","MN48","MN1","1",6,"2021-06-07","1"
"645","MN48","MN20","1",6,"2021-06-07","1"
"646","MN48","MN21","1",6,"2021-06-07","1"
"647","MN48","MN70","1",6,"2021-06-07","1"
"648","MN1","MN20","1",6,"2021-06-07","1"
"649","MN1","MN21","1",6,"2021-06-07","1"
"650","MN1","MN70","1",6,"2021-06-07","1"
"651","MN20","MN21","1",6,"2021-06-07","1"
"652","MN20","MN70","1",6,"2021-06-07","1"
"653","MN21","MN70","1",6,"2021-06-07","1"
"654","MN11","MN42","1",6,"2021-06-07","1"
"655","MN17","MN32","1",1,"2021-06-08","1"
"656","MN17","MN28","1",1,"2021-06-08","1"
"657","MN32","MN28","1",1,"2021-06-08","1"
"658","MN59","MN40","1",1,"2021-06-08","1"
"659","MN59","MN29","1",1,"2021-06-08","1"
"660","MN40","MN29","1",1,"2021-06-08","1"
"661","MN71","MN22","1",1,"2021-06-08","1"
"662","MN71","MN69","1",1,"2021-06-08","1"
"663","MN22","MN69","2",1,"2021-06-08","1"
"664","MN67","MN61","1",1,"2021-06-08","1"
"665","MN12","MN35","1",1,"2021-06-08","1"
"666","MN11","MN2","1",1,"2021-06-08","1"
"667","MN11","MN56","1",1,"2021-06-08","1"
"668","MN2","MN56","1",1,"2021-06-08","1"
"669","MN21","MN20","1",1,"2021-06-08","1"
"670","MN21","MN70","1",1,"2021-06-08","1"
"671","MN21","MN1","1",1,"2021-06-08","1"
"672","MN20","MN70","1",1,"2021-06-08","1"
"673","MN20","MN1","1",1,"2021-06-08","1"
"674","MN70","MN1","1",1,"2021-06-08","1"
"675","MN16","MN18","1",1,"2021-06-08","1"
"676","MN17","MN28","1",2,"2021-06-08","1"
"677","MN17","MN32","1",2,"2021-06-08","1"
"678","MN28","MN32","1",2,"2021-06-08","1"
"679","MN29","MN40","1",2,"2021-06-08","1"
"680","MN29","MN59","1",2,"2021-06-08","1"
"681","MN40","MN59","1",2,"2021-06-08","1"
"682","MN22","MN69","1",2,"2021-06-08","1"
"683","MN11","MN2","1",2,"2021-06-08","1"
"684","MN11","MN56","1",2,"2021-06-08","1"
"685","MN2","MN56","1",2,"2021-06-08","1"
"686","MN21","MN20","1",2,"2021-06-08","1"
"687","MN21","MN70","1",2,"2021-06-08","1"
"688","MN21","MN50","1",2,"2021-06-08","1"
"689","MN20","MN70","1",2,"2021-06-08","1"
"690","MN20","MN50","1",2,"2021-06-08","1"
"691","MN70","MN50","1",2,"2021-06-08","1"
"692","MN46","MN18","1",2,"2021-06-08","1"
"693","MN17","MN32","1",3,"2021-06-08","1"
"694","MN17","MN28","1",3,"2021-06-08","1"
"695","MN32","MN28","1",3,"2021-06-08","1"
"696","MN13A","MN13B","1",3,"2021-06-08","1"
"697","MN29","MN59","1",3,"2021-06-08","1"
"698","MN29","MN40","1",3,"2021-06-08","1"
"699","MN59","MN40","1",3,"2021-06-08","1"
"700","MN11","MN48","1",3,"2021-06-08","1"
"701","MN11","MN2","1",3,"2021-06-08","1"
"702","MN11","MN8","1",3,"2021-06-08","1"
"703","MN48","MN2","1",3,"2021-06-08","1"
"704","MN48","MN8","1",3,"2021-06-08","1"
"705","MN2","MN8","1",3,"2021-06-08","1"
"706","MN21","MN20","1",3,"2021-06-08","1"
"707","MN70","MN20","1",3,"2021-06-08","1"
"708","MN28","MN32","1",4,"2021-06-08","1"
"709","MN28","MN17","1",4,"2021-06-08","1"
"710","MN29","MN59","1",4,"2021-06-08","1"
"711","MN29","MN40","1",4,"2021-06-08","1"
"712","MN59","MN40","1",4,"2021-06-08","1"
"713","MN22","MN69","1",4,"2021-06-08","1"
"714","MN8","MN11","1",4,"2021-06-08","1"
"715","MN8","MN48","1",4,"2021-06-08","1"
"716","MN11","MN48","1",4,"2021-06-08","1"
"717","MN67","MN23","1",4,"2021-06-08","1"
"718","MN20","MN21","1",4,"2021-06-08","1"
"719","MN32","MN17","1",5,"2021-06-08","1"
"720","MN59","MN40","1",5,"2021-06-08","1"
"721","MN59","MN29","1",5,"2021-06-08","1"
"722","MN40","MN29","1",5,"2021-06-08","1"
"723","MN69","MN22","1",5,"2021-06-08","1"
"724","MN48","MN67","1",5,"2021-06-08","1"
"725","MN48","MN8","1",5,"2021-06-08","1"
"726","MN48","MN23","1",5,"2021-06-08","1"
"727","MN48","MN11","1",5,"2021-06-08","1"
"728","MN67","MN8","1",5,"2021-06-08","1"
"729","MN67","MN23","1",5,"2021-06-08","1"
"730","MN67","MN11","1",5,"2021-06-08","1"
"731","MN8","MN23","1",5,"2021-06-08","1"
"732","MN8","MN11","1",5,"2021-06-08","1"
"733","MN23","MN11","1",5,"2021-06-08","1"
"734","MN20","MN70","1",5,"2021-06-08","1"
"735","MN20","MN21","1",5,"2021-06-08","1"
"736","MN70","MN21","1",5,"2021-06-08","1"
"737","MN2","MN46","1",5,"2021-06-08","1"
"738","MN2","MN18","1",5,"2021-06-08","1"
"739","MN46","MN18","1",5,"2021-06-08","1"
"740","MN28","MN32","1",6,"2021-06-08","1"
"741","MN28","MN17","1",6,"2021-06-08","1"
"742","MN32","MN17","1",6,"2021-06-08","1"
"743","MN59","MN29","1",6,"2021-06-08","1"
"744","MN59","MN40","1",6,"2021-06-08","1"
"745","MN29","MN40","1",6,"2021-06-08","1"
"746","MN29","MN8","1",6,"2021-06-08","1"
"747","MN29","MN48","1",6,"2021-06-08","1"
"748","MN33","MN35","1",6,"2021-06-08","1"
"749","MN8","MN48","1",6,"2021-06-08","1"
"750","MN70","MN21","1",6,"2021-06-08","1"
"751","MN70","MN20","1",6,"2021-06-08","1"
"752","MN21","MN20","1",6,"2021-06-08","1"
"753","MN55","MN46","1",6,"2021-06-08","1"
"754","MN30","MN44","1",1,"2021-06-17","2"
"755","MN17","MN28","1",1,"2021-06-17","2"
"756","MN59","MN40","1",1,"2021-06-17","2"
"757","MN76","MN63B","1",1,"2021-06-17","2"
"758","MN63B","MN60","1",1,"2021-06-17","2"
"759","MN21","MN20","1",1,"2021-06-17","2"
"760","MN31","MN55","1",1,"2021-06-17","2"
"761","MN17","MN28","1",2,"2021-06-17","2"
"762","MN71","MN54","1",2,"2021-06-17","2"
"763","MN59","MN40","1",2,"2021-06-17","2"
"764","MN59","MN29","1",2,"2021-06-17","2"
"765","MN40","MN29","1",2,"2021-06-17","2"
"766","MN76","MN18","1",2,"2021-06-17","2"
"767","MN76","MN63B","1",2,"2021-06-17","2"
"768","MN18","MN63B","1",2,"2021-06-17","2"
"769","MN21","MN20","1",2,"2021-06-17","2"
"770","MN67","MN14","1",2,"2021-06-17","2"
"771","MN33","MN7","1",2,"2021-06-17","2"
"772","MN55","MN31","1",2,"2021-06-17","2"
"773","MN40","MN29","1",3,"2021-06-17","2"
"774","MN21","MN20","1",3,"2021-06-17","2"
"775","MN23","MN2","1",3,"2021-06-17","2"
"776","MN35","MN31","1",3,"2021-06-17","2"
"777","MN35","MN55","1",3,"2021-06-17","2"
"778","MN31","MN55","1",3,"2021-06-17","2"
"779","MN71","MN54","1",4,"2021-06-17","2"
"780","MN40","MN29","1",4,"2021-06-17","2"
"781","MN40","MN59","1",4,"2021-06-17","2"
"782","MN29","MN59","1",4,"2021-06-17","2"
"783","MN18","MN63B","1",4,"2021-06-17","2"
"784","MN22","MN69","1",4,"2021-06-17","2"
"785","MN26","MN2","1",4,"2021-06-17","2"
"786","MN26","MN23","1",4,"2021-06-17","2"
"787","MN2","MN23","1",4,"2021-06-17","2"
"788","MN55","MN31","1",4,"2021-06-17","2"
"789","MN55","MN35","1",4,"2021-06-17","2"
"790","MN31","MN35","1",4,"2021-06-17","2"
"791","MN30","MN17","1",5,"2021-06-17","2"
"792","MN28","MN17","1",5,"2021-06-17","2"
"793","MN13A","MN13B","1",5,"2021-06-17","2"
"794","MN59","MN40","1",5,"2021-06-17","2"
"795","MN59","MN29","1",5,"2021-06-17","2"
"796","MN40","MN29","1",5,"2021-06-17","2"
"797","MN18","MN63B","1",5,"2021-06-17","2"
"798","MN21","MN20","1",5,"2021-06-17","2"
"799","MN22","MN69","1",5,"2021-06-17","2"
"800","MN23","MN64","1",5,"2021-06-17","2"
"801","MN31","MN55","1",5,"2021-06-17","2"
"802","MN17","MN28","1",6,"2021-06-17","2"
"803","MN13A","MN13B","1",6,"2021-06-17","2"
"804","MN71","MN54","1",6,"2021-06-17","2"
"805","MN29","MN40","1",6,"2021-06-17","2"
"806","MN63B","MN18","1",6,"2021-06-17","2"
"807","MN20","MN21","1",6,"2021-06-17","2"
"808","MN22","MN69","1",6,"2021-06-17","2"
"809","MN17","MN28","1",1,"2021-06-18","2"
"810","MN13B","MN13A","1",1,"2021-06-18","2"
"811","MN71","MN54","1",1,"2021-06-18","2"
"812","MN40","MN59","1",1,"2021-06-18","2"
"813","MN40","MN29","1",1,"2021-06-18","2"
"814","MN59","MN29","1",1,"2021-06-18","2"
"815","MN76","MN63B","1",1,"2021-06-18","2"
"816","MN21","MN20","1",1,"2021-06-18","2"
"817","MN22","MN69","1",1,"2021-06-18","2"
"818","MN60","MN7","1",1,"2021-06-18","2"
"819","MN60","MN2","1",1,"2021-06-18","2"
"820","MN7","MN2","1",1,"2021-06-18","2"
"821","MN16","MN33","1",1,"2021-06-18","2"
"822","MN16","MN12","1",1,"2021-06-18","2"
"823","MN33","MN12","1",1,"2021-06-18","2"
"824","MN31","MN55","1",1,"2021-06-18","2"
"825","MN31","MN70","1",1,"2021-06-18","2"
"826","MN55","MN70","1",1,"2021-06-18","2"
"827","MN28","MN17","1",2,"2021-06-18","2"
"828","MN13B","MN13A","1",2,"2021-06-18","2"
"829","MN29","MN59","1",2,"2021-06-18","2"
"830","MN29","MN40","1",2,"2021-06-18","2"
"831","MN59","MN40","1",2,"2021-06-18","2"
"832","MN18","MN63B","1",2,"2021-06-18","2"
"833","MN18","MN76","1",2,"2021-06-18","2"
"834","MN63B","MN76","1",2,"2021-06-18","2"
"835","MN20","MN21","1",2,"2021-06-18","2"
"836","MN69","MN22","1",2,"2021-06-18","2"
"837","MN12","MN19","1",2,"2021-06-18","2"
"838","MN60","MN67","1",2,"2021-06-18","2"
"839","MN60","MN2","1",2,"2021-06-18","2"
"840","MN60","MN7","1",2,"2021-06-18","2"
"841","MN67","MN2","1",2,"2021-06-18","2"
"842","MN67","MN7","1",2,"2021-06-18","2"
"843","MN2","MN7","1",2,"2021-06-18","2"
"844","MN33","MN46","1",2,"2021-06-18","2"
"845","MN31","MN55","1",2,"2021-06-18","2"
"846","MN31","MN70","1",2,"2021-06-18","2"
"847","MN55","MN70","1",2,"2021-06-18","2"
"848","MN28","MN17","1",3,"2021-06-18","2"
"849","MN28","MN12","1",3,"2021-06-18","2"
"850","MN17","MN12","1",3,"2021-06-18","2"
"851","MN13B","MN13A","1",3,"2021-06-18","2"
"852","MN71","MN54","1",3,"2021-06-18","2"
"853","MN29","MN40","1",3,"2021-06-18","2"
"854","MN29","MN59","1",3,"2021-06-18","2"
"855","MN40","MN59","1",3,"2021-06-18","2"
"856","MN18","MN63B","1",3,"2021-06-18","2"
"857","MN18","MN76","1",3,"2021-06-18","2"
"858","MN63B","MN76","1",3,"2021-06-18","2"
"859","MN21","MN20","1",3,"2021-06-18","2"
"860","MN69","MN22","1",3,"2021-06-18","2"
"861","MN44","MN35","1",3,"2021-06-18","2"
"862","MN30","MN19","1",3,"2021-06-18","2"
"863","MN60","MN7","1",3,"2021-06-18","2"
"864","MN51","MN46","1",3,"2021-06-18","2"
"865","MN55","MN31","1",3,"2021-06-18","2"
"866","MN55","MN70","1",3,"2021-06-18","2"
"867","MN31","MN70","1",3,"2021-06-18","2"
"868","MN17","MN12","1",4,"2021-06-18","2"
"869","MN17","MN28","1",4,"2021-06-18","2"
"870","MN12","MN28","1",4,"2021-06-18","2"
"871","MN13A","MN13B","1",4,"2021-06-18","2"
"872","MN44","MN41","1",4,"2021-06-18","2"
"873","MN71","MN54","1",4,"2021-06-18","2"
"874","MN29","MN59","1",4,"2021-06-18","2"
"875","MN29","MN40","1",4,"2021-06-18","2"
"876","MN59","MN40","1",4,"2021-06-18","2"
"877","MN18","MN63B","1",4,"2021-06-18","2"
"878","MN18","MN76","1",4,"2021-06-18","2"
"879","MN63B","MN76","1",4,"2021-06-18","2"
"880","MN20","MN21","1",4,"2021-06-18","2"
"881","MN69","MN22","1",4,"2021-06-18","2"
"882","MN46","MN16","1",4,"2021-06-18","2"
"883","MN60","MN7","1",4,"2021-06-18","2"
"884","MN31","MN55","1",4,"2021-06-18","2"
"885","MN31","MN70","1",4,"2021-06-18","2"
"886","MN31","MN2","1",4,"2021-06-18","2"
"887","MN31","MN56","1",4,"2021-06-18","2"
"888","MN55","MN70","1",4,"2021-06-18","2"
"889","MN55","MN2","1",4,"2021-06-18","2"
"890","MN55","MN56","1",4,"2021-06-18","2"
"891","MN70","MN2","1",4,"2021-06-18","2"
"892","MN70","MN56","1",4,"2021-06-18","2"
"893","MN2","MN56","1",4,"2021-06-18","2"
"894","MN17","MN28","1",5,"2021-06-18","2"
"895","MN17","MN12","1",5,"2021-06-18","2"
"896","MN28","MN12","1",5,"2021-06-18","2"
"897","MN13A","MN13B","1",5,"2021-06-18","2"
"898","MN71","MN54","1",5,"2021-06-18","2"
"899","MN59","MN29","1",5,"2021-06-18","2"
"900","MN59","MN40","1",5,"2021-06-18","2"
"901","MN29","MN40","1",5,"2021-06-18","2"
"902","MN18","MN63B","1",5,"2021-06-18","2"
"903","MN18","MN76","1",5,"2021-06-18","2"
"904","MN63B","MN76","1",5,"2021-06-18","2"
"905","MN20","MN21","1",5,"2021-06-18","2"
"906","MN69","MN22","1",5,"2021-06-18","2"
"907","MN60","MN7","1",5,"2021-06-18","2"
"908","MN55","MN70","1",5,"2021-06-18","2"
"909","MN55","MN2","1",5,"2021-06-18","2"
"910","MN70","MN2","1",5,"2021-06-18","2"
"911","MN28","MN17","1",6,"2021-06-18","2"
"912","MN30","MN17","1",6,"2021-06-18","2"
"913","MN71","MN54","1",6,"2021-06-18","2"
"914","MN29","MN59","1",6,"2021-06-18","2"
"915","MN29","MN40","1",6,"2021-06-18","2"
"916","MN59","MN40","1",6,"2021-06-18","2"
"917","MN63B","MN18","1",6,"2021-06-18","2"
"918","MN20","MN21","1",6,"2021-06-18","2"
"919","MN22","MN69","1",6,"2021-06-18","2"
"920","MN55","MN70","1",6,"2021-06-18","2"
"921","MN55","MN31","1",6,"2021-06-18","2"
"922","MN70","MN31","1",6,"2021-06-18","2"
"923","MN12","MN17","1",1,"2021-06-20","2"
"924","MN12","MN28","1",1,"2021-06-20","2"
"925","MN17","MN28","1",1,"2021-06-20","2"
"926","MN13A","MN13B","1",1,"2021-06-20","2"
"927","MN76","MN71","1",1,"2021-06-20","2"
"928","MN76","MN54","1",1,"2021-06-20","2"
"929","MN71","MN54","1",1,"2021-06-20","2"
"930","MN59","MN40","1",1,"2021-06-20","2"
"931","MN59","MN29","1",1,"2021-06-20","2"
"932","MN40","MN29","1",1,"2021-06-20","2"
"933","MN63B","MN18","1",1,"2021-06-20","2"
"934","MN14","MN31","1",1,"2021-06-20","2"
"935","MN14","MN55","1",1,"2021-06-20","2"
"936","MN31","MN55","1",1,"2021-06-20","2"
"937","MN17","MN12","1",2,"2021-06-20","2"
"938","MN17","MN28","1",2,"2021-06-20","2"
"939","MN12","MN28","1",2,"2021-06-20","2"
"940","MN13A","MN13B","1",2,"2021-06-20","2"
"941","MN71","MN54","1",2,"2021-06-20","2"
"942","MN40","MN59","1",2,"2021-06-20","2"
"943","MN21","MN20","1",2,"2021-06-20","2"
"944","MN41","MN33","1",2,"2021-06-20","2"
"945","MN56","MN1","1",2,"2021-06-20","2"
"946","MN56","MN30","1",2,"2021-06-20","2"
"947","MN56","MN35","1",2,"2021-06-20","2"
"948","MN56","MN70","1",2,"2021-06-20","2"
"949","MN56","MN43","1",2,"2021-06-20","2"
"950","MN1","MN30","1",2,"2021-06-20","2"
"951","MN1","MN35","1",2,"2021-06-20","2"
"952","MN1","MN70","1",2,"2021-06-20","2"
"953","MN1","MN43","1",2,"2021-06-20","2"
"954","MN30","MN35","1",2,"2021-06-20","2"
"955","MN30","MN70","1",2,"2021-06-20","2"
"956","MN30","MN43","1",2,"2021-06-20","2"
"957","MN35","MN70","1",2,"2021-06-20","2"
"958","MN35","MN43","1",2,"2021-06-20","2"
"959","MN70","MN43","1",2,"2021-06-20","2"
"960","MN31","MN55","1",2,"2021-06-20","2"
"961","MN31","MN8","1",2,"2021-06-20","2"
"962","MN26","MN51","1",2,"2021-06-20","2"
"963","MN17","MN28","1",3,"2021-06-20","2"
"964","MN71","MN54","1",3,"2021-06-20","2"
"965","MN21","MN20","1",3,"2021-06-20","2"
"966","MN41","MN48","1",3,"2021-06-20","2"
"967","MN23","MN14","1",3,"2021-06-20","2"
"968","MN23","MN55","1",3,"2021-06-20","2"
"969","MN23","MN67","1",3,"2021-06-20","2"
"970","MN14","MN55","1",3,"2021-06-20","2"
"971","MN14","MN67","1",3,"2021-06-20","2"
"972","MN55","MN67","1",3,"2021-06-20","2"
"973","MN17","MN12","1",4,"2021-06-20","2"
"974","MN17","MN28","1",4,"2021-06-20","2"
"975","MN12","MN28","1",4,"2021-06-20","2"
"976","MN71","MN54","1",4,"2021-06-20","2"
"977","MN76","MN63B","1",4,"2021-06-20","2"
"978","MN69","MN22","1",4,"2021-06-20","2"
"979","MN46","MN1","1",4,"2021-06-20","2"
"980","MN46","MN67","1",4,"2021-06-20","2"
"981","MN1","MN67","1",4,"2021-06-20","2"
"982","MN67","MN41","1",4,"2021-06-20","2"
"983","MN67","MN14","1",4,"2021-06-20","2"
"984","MN55","MN31","1",4,"2021-06-20","2"
"985","MN41","MN14","1",4,"2021-06-20","2"
"986","MN17","MN28","1",5,"2021-06-20","2"
"987","MN17","MN12","1",5,"2021-06-20","2"
"988","MN28","MN12","1",5,"2021-06-20","2"
"989","MN54","MN71","1",5,"2021-06-20","2"
"990","MN20","MN21","1",5,"2021-06-20","2"
"991","MN26","MN70","1",5,"2021-06-20","2"
"992","MN26","MN46","1",5,"2021-06-20","2"
"993","MN23","MN55","1",5,"2021-06-20","2"
"994","MN23","MN31","1",5,"2021-06-20","2"
"995","MN55","MN31","1",5,"2021-06-20","2"
"996","MN17","MN28","1",6,"2021-06-20","2"
"997","MN71","MN54","1",6,"2021-06-20","2"
"998","MN58","MN63B","1",6,"2021-06-20","2"
"999","MN58","MN18","1",6,"2021-06-20","2"
"1000","MN21","MN20","1",6,"2021-06-20","2"
"1001","MN41","MN35","1",6,"2021-06-20","2"
"1002","MN55","MN31","1",6,"2021-06-20","2"
"1003","MN28","MN12","1",1,"2021-06-21","2"
"1004","MN28","MN17","1",1,"2021-06-21","2"
"1005","MN12","MN17","1",1,"2021-06-21","2"
"1006","MN13B","MN13A","1",1,"2021-06-21","2"
"1007","MN54","MN71","1",1,"2021-06-21","2"
"1008","MN63A","MN40","1",1,"2021-06-21","2"
"1009","MN63B","MN18","1",1,"2021-06-21","2"
"1010","MN63B","MN76","1",1,"2021-06-21","2"
"1011","MN18","MN76","1",1,"2021-06-21","2"
"1012","MN20","MN21","1",1,"2021-06-21","2"
"1013","MN33","MN19","1",1,"2021-06-21","2"
"1014","MN2","MN14","1",1,"2021-06-21","2"
"1015","MN28","MN17","1",2,"2021-06-21","2"
"1016","MN13B","MN13A","1",2,"2021-06-21","2"
"1017","MN71","MN54","1",2,"2021-06-21","2"
"1018","MN18","MN63B","1",2,"2021-06-21","2"
"1019","MN18","MN76","1",2,"2021-06-21","2"
"1020","MN63B","MN76","1",2,"2021-06-21","2"
"1021","MN20","MN21","1",2,"2021-06-21","2"
"1022","MN14","MN2","1",2,"2021-06-21","2"
"1023","MN28","MN17","1",3,"2021-06-21","2"
"1024","MN13B","MN13A","1",3,"2021-06-21","2"
"1025","MN44","MN67","1",3,"2021-06-21","2"
"1026","MN71","MN54","1",3,"2021-06-21","2"
"1027","MN59","MN40","1",3,"2021-06-21","2"
"1028","MN18","MN63B","1",3,"2021-06-21","2"
"1029","MN18","MN76","1",3,"2021-06-21","2"
"1030","MN63B","MN76","1",3,"2021-06-21","2"
"1031","MN20","MN21","1",3,"2021-06-21","2"
"1032","MN69","MN22","1",3,"2021-06-21","2"
"1033","MN64","MN2","1",3,"2021-06-21","2"
"1034","MN64","MN14","1",3,"2021-06-21","2"
"1035","MN2","MN14","1",3,"2021-06-21","2"
"1036","MN28","MN17","1",4,"2021-06-21","2"
"1037","MN13B","MN13A","1",4,"2021-06-21","2"
"1038","MN44","MN67","1",4,"2021-06-21","2"
"1039","MN71","MN54","1",4,"2021-06-21","2"
"1040","MN76","MN63B","1",4,"2021-06-21","2"
"1041","MN76","MN18","1",4,"2021-06-21","2"
"1042","MN63B","MN18","1",4,"2021-06-21","2"
"1043","MN21","MN20","1",4,"2021-06-21","2"
"1044","MN22","MN69","1",4,"2021-06-21","2"
"1045","MN41","MN23","1",4,"2021-06-21","2"
"1046","MN41","MN19","1",4,"2021-06-21","2"
"1047","MN23","MN19","1",4,"2021-06-21","2"
"1048","MN64","MN2","1",4,"2021-06-21","2"
"1049","MN64","MN14","1",4,"2021-06-21","2"
"1050","MN2","MN14","1",4,"2021-06-21","2"
"1051","MN28","MN17","1",5,"2021-06-21","2"
"1052","MN13B","MN13A","1",5,"2021-06-21","2"
"1053","MN67","MN44","1",5,"2021-06-21","2"
"1054","MN71","MN54","1",5,"2021-06-21","2"
"1055","MN59","MN29","1",5,"2021-06-21","2"
"1056","MN76","MN18","1",5,"2021-06-21","2"
"1057","MN76","MN63B","1",5,"2021-06-21","2"
"1058","MN18","MN63B","1",5,"2021-06-21","2"
"1059","MN21","MN20","1",5,"2021-06-21","2"
"1060","MN22","MN69","1",5,"2021-06-21","2"
"1061","MN23","MN19","1",5,"2021-06-21","2"
"1062","MN23","MN35","1",5,"2021-06-21","2"
"1063","MN19","MN35","1",5,"2021-06-21","2"
"1064","MN2","MN14","1",5,"2021-06-21","2"
"1065","MN28","MN17","1",6,"2021-06-21","2"
"1066","MN13B","MN13A","1",6,"2021-06-21","2"
"1067","MN13A","MN14","1",6,"2021-06-21","2"
"1068","MN67","MN44","1",6,"2021-06-21","2"
"1069","MN71","MN54","1",6,"2021-06-21","2"
"1070","MN59","MN40","1",6,"2021-06-21","2"
"1071","MN63B","MN18","1",6,"2021-06-21","2"
"1072","MN63B","MN76","1",6,"2021-06-21","2"
"1073","MN18","MN76","1",6,"2021-06-21","2"
"1074","MN21","MN20","1",6,"2021-06-21","2"
"1075","MN69","MN22","1",6,"2021-06-21","2"
"1076","MN23","MN19","1",6,"2021-06-21","2"
"1077","MN2","MN14","1",6,"2021-06-21","2"
"1078","MN28","MN12","1",1,"2021-06-22","2"
"1079","MN28","MN17","1",1,"2021-06-22","2"
"1080","MN12","MN17","1",1,"2021-06-22","2"
"1081","MN13B","MN13A","1",1,"2021-06-22","2"
"1082","MN54","MN71","1",1,"2021-06-22","2"
"1083","MN19","MN58","1",1,"2021-06-22","2"
"1084","MN29","MN59","1",1,"2021-06-22","2"
"1085","MN29","MN40","1",1,"2021-06-22","2"
"1086","MN59","MN40","1",1,"2021-06-22","2"
"1087","MN18","MN63B","1",1,"2021-06-22","2"
"1088","MN21","MN20","1",1,"2021-06-22","2"
"1089","MN69","MN22","1",1,"2021-06-22","2"
"1090","MN60","MN1","1",1,"2021-06-22","2"
"1091","MN60","MN67","1",1,"2021-06-22","2"
"1092","MN1","MN67","1",1,"2021-06-22","2"
"1093","MN23","MN2","1",1,"2021-06-22","2"
"1094","MN23","MN51","1",1,"2021-06-22","2"
"1095","MN23","MN14","1",1,"2021-06-22","2"
"1096","MN23","MN70","1",1,"2021-06-22","2"
"1097","MN23","MN41","1",1,"2021-06-22","2"
"1098","MN2","MN51","1",1,"2021-06-22","2"
"1099","MN2","MN14","1",1,"2021-06-22","2"
"1100","MN2","MN70","1",1,"2021-06-22","2"
"1101","MN2","MN41","1",1,"2021-06-22","2"
"1102","MN51","MN14","1",1,"2021-06-22","2"
"1103","MN51","MN70","1",1,"2021-06-22","2"
"1104","MN51","MN41","1",1,"2021-06-22","2"
"1105","MN14","MN70","1",1,"2021-06-22","2"
"1106","MN14","MN41","1",1,"2021-06-22","2"
"1107","MN70","MN41","1",1,"2021-06-22","2"
"1108","MN56","MN26","1",1,"2021-06-22","2"
"1109","MN28","MN12","1",2,"2021-06-22","2"
"1110","MN28","MN17","1",2,"2021-06-22","2"
"1111","MN12","MN17","1",2,"2021-06-22","2"
"1112","MN13B","MN13A","1",2,"2021-06-22","2"
"1113","MN54","MN71","1",2,"2021-06-22","2"
"1114","MN58","MN19","1",2,"2021-06-22","2"
"1115","MN59","MN29","1",2,"2021-06-22","2"
"1116","MN63B","MN18","1",2,"2021-06-22","2"
"1117","MN20","MN21","1",2,"2021-06-22","2"
"1118","MN22","MN69","1",2,"2021-06-22","2"
"1119","MN64","MN1","1",2,"2021-06-22","2"
"1120","MN64","MN23","1",2,"2021-06-22","2"
"1121","MN1","MN23","1",2,"2021-06-22","2"
"1122","MN51","MN14","1",2,"2021-06-22","2"
"1123","MN51","MN41","1",2,"2021-06-22","2"
"1124","MN51","MN2","1",2,"2021-06-22","2"
"1125","MN14","MN41","1",2,"2021-06-22","2"
"1126","MN14","MN2","1",2,"2021-06-22","2"
"1127","MN41","MN2","1",2,"2021-06-22","2"
"1128","MN17","MN28","1",3,"2021-06-22","2"
"1129","MN13B","MN13A","1",3,"2021-06-22","2"
"1130","MN54","MN71","1",3,"2021-06-22","2"
"1131","MN58","MN19","1",3,"2021-06-22","2"
"1132","MN29","MN59","1",3,"2021-06-22","2"
"1133","MN29","MN40","1",3,"2021-06-22","2"
"1134","MN59","MN40","1",3,"2021-06-22","2"
"1135","MN63B","MN18","1",3,"2021-06-22","2"
"1136","MN20","MN21","1",3,"2021-06-22","2"
"1137","MN22","MN69","1",3,"2021-06-22","2"
"1138","MN8","MN16","1",3,"2021-06-22","2"
"1139","MN51","MN15","1",3,"2021-06-22","2"
"1140","MN51","MN2","1",3,"2021-06-22","2"
"1141","MN51","MN41","1",3,"2021-06-22","2"
"1142","MN15","MN2","1",3,"2021-06-22","2"
"1143","MN15","MN41","1",3,"2021-06-22","2"
"1144","MN2","MN41","1",3,"2021-06-22","2"
"1145","MN28","MN17","1",4,"2021-06-22","2"
"1146","MN28","MN12","1",4,"2021-06-22","2"
"1147","MN17","MN12","1",4,"2021-06-22","2"
"1148","MN13A","MN13B","1",4,"2021-06-22","2"
"1149","MN54","MN71","1",4,"2021-06-22","2"
"1150","MN19","MN58","1",4,"2021-06-22","2"
"1151","MN29","MN40","1",4,"2021-06-22","2"
"1152","MN29","MN59","1",4,"2021-06-22","2"
"1153","MN40","MN59","1",4,"2021-06-22","2"
"1154","MN63B","MN18","1",4,"2021-06-22","2"
"1155","MN21","MN20","1",4,"2021-06-22","2"
"1156","MN22","MN69","1",4,"2021-06-22","2"
"1157","MN51","MN2","1",4,"2021-06-22","2"
"1158","MN28","MN17","1",5,"2021-06-22","2"
"1159","MN28","MN12","1",5,"2021-06-22","2"
"1160","MN17","MN12","1",5,"2021-06-22","2"
"1161","MN13A","MN13B","1",5,"2021-06-22","2"
"1162","MN54","MN71","1",5,"2021-06-22","2"
"1163","MN29","MN59","1",5,"2021-06-22","2"
"1164","MN29","MN40","1",5,"2021-06-22","2"
"1165","MN59","MN40","1",5,"2021-06-22","2"
"1166","MN63B","MN18","1",5,"2021-06-22","2"
"1167","MN21","MN20","1",5,"2021-06-22","2"
"1168","MN22","MN69","1",5,"2021-06-22","2"
"1169","MN8","MN16","1",5,"2021-06-22","2"
"1170","MN17","MN28","1",6,"2021-06-22","2"
"1171","MN17","MN12","1",6,"2021-06-22","2"
"1172","MN28","MN12","1",6,"2021-06-22","2"
"1173","MN13B","MN13A","1",6,"2021-06-22","2"
"1174","MN71","MN54","1",6,"2021-06-22","2"
"1175","MN29","MN59","1",6,"2021-06-22","2"
"1176","MN18","MN63B","1",6,"2021-06-22","2"
"1177","MN21","MN20","1",6,"2021-06-22","2"
"1178","MN22","MN69","1",6,"2021-06-22","2"
"1179","MN8","MN16","1",6,"2021-06-22","2"
"1180","MN12","MN17","1",1,"2021-06-23","2"
"1181","MN12","MN28","1",1,"2021-06-23","2"
"1182","MN17","MN28","1",1,"2021-06-23","2"
"1183","MN13B","MN13A","1",1,"2021-06-23","2"
"1184","MN71","MN54","1",1,"2021-06-23","2"
"1185","MN29","MN59","1",1,"2021-06-23","2"
"1186","MN18","MN76","1",1,"2021-06-23","2"
"1187","MN18","MN63B","1",1,"2021-06-23","2"
"1188","MN76","MN63B","1",1,"2021-06-23","2"
"1189","MN20","MN21","1",1,"2021-06-23","2"
"1190","MN69","MN22","1",1,"2021-06-23","2"
"1191","MN33","MN46","1",1,"2021-06-23","2"
"1192","MN8","MN19","1",1,"2021-06-23","2"
"1193","MN60","MN64","1",1,"2021-06-23","2"
"1194","MN55","MN1","1",1,"2021-06-23","2"
"1195","MN28","MN12","1",2,"2021-06-23","2"
"1196","MN28","MN17","1",2,"2021-06-23","2"
"1197","MN12","MN17","1",2,"2021-06-23","2"
"1198","MN54","MN71","1",2,"2021-06-23","2"
"1199","MN29","MN59","1",2,"2021-06-23","2"
"1200","MN18","MN63B","1",2,"2021-06-23","2"
"1201","MN21","MN20","1",2,"2021-06-23","2"
"1202","MN22","MN69","1",2,"2021-06-23","2"
"1203","MN64","MN76","1",2,"2021-06-23","2"
"1204","MN64","MN51","1",2,"2021-06-23","2"
"1205","MN76","MN51","1",2,"2021-06-23","2"
"1206","MN31","MN55","1",2,"2021-06-23","2"
"1207","MN12","MN28","1",3,"2021-06-23","2"
"1208","MN12","MN17","1",3,"2021-06-23","2"
"1209","MN28","MN17","1",3,"2021-06-23","2"
"1210","MN71","MN54","1",3,"2021-06-23","2"
"1211","MN18","MN63B","1",3,"2021-06-23","2"
"1212","MN22","MN69","1",3,"2021-06-23","2"
"1213","MN67","MN33","1",3,"2021-06-23","2"
"1214","MN67","MN64","1",3,"2021-06-23","2"
"1215","MN67","MN51","1",3,"2021-06-23","2"
"1216","MN33","MN64","1",3,"2021-06-23","2"
"1217","MN33","MN51","1",3,"2021-06-23","2"
"1218","MN64","MN51","1",3,"2021-06-23","2"
"1219","MN30","MN31","1",3,"2021-06-23","2"
"1220","MN30","MN70","1",3,"2021-06-23","2"
"1221","MN31","MN70","1",3,"2021-06-23","2"
"1222","MN2","MN1","1",3,"2021-06-23","2"
"1223","MN28","MN17","1",4,"2021-06-23","2"
"1224","MN54","MN71","1",4,"2021-06-23","2"
"1225","MN40","MN59","1",4,"2021-06-23","2"
"1226","MN20","MN21","1",4,"2021-06-23","2"
"1227","MN18","MN45","1",4,"2021-06-23","2"
"1228","MN18","MN64","1",4,"2021-06-23","2"
"1229","MN18","MN60","1",4,"2021-06-23","2"
"1230","MN18","MN67","1",4,"2021-06-23","2"
"1231","MN45","MN64","1",4,"2021-06-23","2"
"1232","MN45","MN60","1",4,"2021-06-23","2"
"1233","MN45","MN67","1",4,"2021-06-23","2"
"1234","MN64","MN60","1",4,"2021-06-23","2"
"1235","MN64","MN67","1",4,"2021-06-23","2"
"1236","MN60","MN67","1",4,"2021-06-23","2"
"1237","MN31","MN55","1",4,"2021-06-23","2"
"1238","MN28","MN17","1",5,"2021-06-23","2"
"1239","MN13B","MN13A","1",5,"2021-06-23","2"
"1240","MN40","MN59","1",5,"2021-06-23","2"
"1241","MN76","MN29","1",5,"2021-06-23","2"
"1242","MN45","MN18","1",5,"2021-06-23","2"
"1243","MN45","MN64","1",5,"2021-06-23","2"
"1244","MN18","MN64","1",5,"2021-06-23","2"
"1245","MN70","MN30","1",5,"2021-06-23","2"
"1246","MN2","MN7","1",5,"2021-06-23","2"
"1247","MN31","MN55","1",5,"2021-06-23","2"
"1248","MN28","MN12","1",6,"2021-06-23","2"
"1249","MN28","MN17","1",6,"2021-06-23","2"
"1250","MN12","MN17","1",6,"2021-06-23","2"
"1251","MN40","MN59","1",6,"2021-06-23","2"
"1252","MN76","MN63B","1",6,"2021-06-23","2"
"1253","MN19","MN16","1",6,"2021-06-23","2"
"1254","MN19","MN33","1",6,"2021-06-23","2"
"1255","MN16","MN33","1",6,"2021-06-23","2"
"1256","MN18","MN45","1",6,"2021-06-23","2"
"1257","MN31","MN55","1",6,"2021-06-23","2"
"1258","MN13A","MN13B","1",1,"2021-06-24","2"
"1259","MN54","MN71","1",1,"2021-06-24","2"
"1260","MN29","MN59","1",1,"2021-06-24","2"
"1261","MN29","MN40","1",1,"2021-06-24","2"
"1262","MN59","MN40","1",1,"2021-06-24","2"
"1263","MN30","MN1","1",1,"2021-06-24","2"
"1264","MN55","MN27","1",1,"2021-06-24","2"
"1265","MN13A","MN13B","1",2,"2021-06-24","2"
"1266","MN40","MN29","1",2,"2021-06-24","2"
"1267","MN31","MN55","1",2,"2021-06-24","2"
"1268","MN13A","MN13B","1",3,"2021-06-24","2"
"1269","MN54","MN71","1",3,"2021-06-24","2"
"1270","MN22","MN69","1",3,"2021-06-24","2"
"1271","MN46","MN70","1",3,"2021-06-24","2"
"1272","MN67","MN19","1",3,"2021-06-24","2"
"1273","MN55","MN31","1",3,"2021-06-24","2"
"1274","MN28","MN12","1",4,"2021-06-24","2"
"1275","MN13A","MN41","1",4,"2021-06-24","2"
"1276","MN54","MN71","1",4,"2021-06-24","2"
"1277","MN22","MN69","1",4,"2021-06-24","2"
"1278","MN46","MN33","1",4,"2021-06-24","2"
"1279","MN30","MN60","1",4,"2021-06-24","2"
"1280","MN70","MN2","1",4,"2021-06-24","2"
"1281","MN31","MN55","1",4,"2021-06-24","2"
"1282","MN28","MN17","1",5,"2021-06-24","2"
"1283","MN54","MN71","1",5,"2021-06-24","2"
"1284","MN29","MN40","1",5,"2021-06-24","2"
"1285","MN21","MN20","1",5,"2021-06-24","2"
"1286","MN16","MN33","1",5,"2021-06-24","2"
"1287","MN55","MN2","1",5,"2021-06-24","2"
"1288","MN17","MN12","1",6,"2021-06-24","2"
"1289","MN17","MN28","1",6,"2021-06-24","2"
"1290","MN12","MN28","1",6,"2021-06-24","2"
"1291","MN71","MN54","1",6,"2021-06-24","2"
"1292","MN29","MN40","1",6,"2021-06-24","2"
"1293","MN29","MN59","1",6,"2021-06-24","2"
"1294","MN40","MN59","1",6,"2021-06-24","2"
"1295","MN70","MN2","1",6,"2021-06-24","2"
"1296","MN55","MN31","1",6,"2021-06-24","2"
"1297","MN55","MN26","1",6,"2021-06-24","2"
"1298","MN31","MN26","1",6,"2021-06-24","2"
"1299","MN17","MN28","1",1,"2021-07-02","3"
"1300","MN13A","MN13B","1",1,"2021-07-02","3"
"1301","MN54","MN71","1",1,"2021-07-02","3"
"1302","MN40","MN29","1",1,"2021-07-02","3"
"1303","MN40","MN59","1",1,"2021-07-02","3"
"1304","MN29","MN59","1",1,"2021-07-02","3"
"1305","MN20","MN21","1",1,"2021-07-02","3"
"1306","MN22","MN69","1",1,"2021-07-02","3"
"1307","MN22","MN70","1",1,"2021-07-02","3"
"1308","MN69","MN70","1",1,"2021-07-02","3"
"1309","MN55","MN31","1",1,"2021-07-02","3"
"1310","MN45","MN67","1",1,"2021-07-02","3"
"1311","MN17","MN27","1",2,"2021-07-02","3"
"1312","MN13A","MN13B","1",2,"2021-07-02","3"
"1313","MN71","MN54","1",2,"2021-07-02","3"
"1314","MN59","MN29","1",2,"2021-07-02","3"
"1315","MN59","MN40","1",2,"2021-07-02","3"
"1316","MN29","MN40","1",2,"2021-07-02","3"
"1317","MN21","MN20","1",2,"2021-07-02","3"
"1318","MN69","MN22","1",2,"2021-07-02","3"
"1319","MN55","MN31","1",2,"2021-07-02","3"
"1320","MN55","MN16","1",2,"2021-07-02","3"
"1321","MN31","MN16","1",2,"2021-07-02","3"
"1322","MN30","MN67","1",2,"2021-07-02","3"
"1323","MN64","MN19","1",2,"2021-07-02","3"
"1324","MN64","MN14","1",2,"2021-07-02","3"
"1325","MN64","MN23","1",2,"2021-07-02","3"
"1326","MN19","MN14","1",2,"2021-07-02","3"
"1327","MN19","MN23","1",2,"2021-07-02","3"
"1328","MN14","MN23","1",2,"2021-07-02","3"
"1329","MN28","MN17","1",3,"2021-07-02","3"
"1330","MN13A","MN13B","1",3,"2021-07-02","3"
"1331","MN40","MN29","1",3,"2021-07-02","3"
"1332","MN40","MN59","1",3,"2021-07-02","3"
"1333","MN29","MN59","1",3,"2021-07-02","3"
"1334","MN41","MN44","1",3,"2021-07-02","3"
"1335","MN44","MN43","1",3,"2021-07-02","3"
"1336","MN69","MN18","1",3,"2021-07-02","3"
"1337","MN30","MN67","1",3,"2021-07-02","3"
"1338","MN17","MN28","1",4,"2021-07-02","3"
"1339","MN13A","MN13B","1",4,"2021-07-02","3"
"1340","MN71","MN54","1",4,"2021-07-02","3"
"1341","MN59","MN29","1",4,"2021-07-02","3"
"1342","MN44","MN41","1",4,"2021-07-02","3"
"1343","MN31","MN56","1",4,"2021-07-02","3"
"1344","MN33","MN19","1",4,"2021-07-02","3"
"1345","MN17","MN28","1",5,"2021-07-02","3"
"1346","MN13A","MN13B","1",5,"2021-07-02","3"
"1347","MN71","MN54","1",5,"2021-07-02","3"
"1348","MN29","MN59","1",5,"2021-07-02","3"
"1349","MN44","MN76","1",5,"2021-07-02","3"
"1350","MN44","MN41","1",5,"2021-07-02","3"
"1351","MN76","MN41","1",5,"2021-07-02","3"
"1352","MN20","MN21","1",5,"2021-07-02","3"
"1353","MN22","MN69","1",5,"2021-07-02","3"
"1354","MN22","MN70","1",5,"2021-07-02","3"
"1355","MN69","MN70","1",5,"2021-07-02","3"
"1356","MN31","MN56","1",5,"2021-07-02","3"
"1357","MN31","MN47","1",5,"2021-07-02","3"
"1358","MN30","MN66","1",5,"2021-07-02","3"
"1359","MN14","MN23","1",5,"2021-07-02","3"
"1360","MN14","MN1","1",5,"2021-07-02","3"
"1361","MN23","MN1","1",5,"2021-07-02","3"
"1362","MN28","MN17","1",6,"2021-07-02","3"
"1363","MN29","MN59","1",6,"2021-07-02","3"
"1364","MN22","MN70","1",6,"2021-07-02","3"
"1365","MN31","MN56","1",6,"2021-07-02","3"
"1366","MN30","MN71","1",6,"2021-07-02","3"
"1367","MN17","MN28","1",1,"2021-07-03","3"
"1368","MN21","MN20","1",1,"2021-07-03","3"
"1369","MN22","MN70","1",1,"2021-07-03","3"
"1370","MN46","MN48","1",1,"2021-07-03","3"
"1371","MN46","MN55","1",1,"2021-07-03","3"
"1372","MN48","MN55","1",1,"2021-07-03","3"
"1373","MN17","MN28","1",2,"2021-07-03","3"
"1374","MN71","MN54","1",2,"2021-07-03","3"
"1375","MN29","MN40","1",2,"2021-07-03","3"
"1376","MN41","MN44","1",2,"2021-07-03","3"
"1377","MN22","MN70","1",2,"2021-07-03","3"
"1378","MN48","MN46","1",2,"2021-07-03","3"
"1379","MN48","MN31","1",2,"2021-07-03","3"
"1380","MN46","MN55","1",2,"2021-07-03","3"
"1381","MN55","MN31","1",2,"2021-07-03","3"
"1382","MN14","MN76","1",2,"2021-07-03","3"
"1383","MN14","MN16","1",2,"2021-07-03","3"
"1384","MN14","MN19","1",2,"2021-07-03","3"
"1385","MN76","MN16","1",2,"2021-07-03","3"
"1386","MN76","MN19","1",2,"2021-07-03","3"
"1387","MN16","MN19","1",2,"2021-07-03","3"
"1388","MN1","MN2","1",2,"2021-07-03","3"
"1389","MN17","MN28","1",3,"2021-07-03","3"
"1390","MN13A","MN13B","1",3,"2021-07-03","3"
"1391","MN71","MN54","1",3,"2021-07-03","3"
"1392","MN29","MN40","1",3,"2021-07-03","3"
"1393","MN41","MN44","1",3,"2021-07-03","3"
"1394","MN21","MN20","1",3,"2021-07-03","3"
"1395","MN69","MN70","1",3,"2021-07-03","3"
"1396","MN69","MN22","1",3,"2021-07-03","3"
"1397","MN70","MN22","1",3,"2021-07-03","3"
"1398","MN31","MN46","1",3,"2021-07-03","3"
"1399","MN31","MN55","1",3,"2021-07-03","3"
"1400","MN31","MN48","1",3,"2021-07-03","3"
"1401","MN46","MN55","1",3,"2021-07-03","3"
"1402","MN46","MN48","1",3,"2021-07-03","3"
"1403","MN55","MN48","1",3,"2021-07-03","3"
"1404","MN14","MN76","1",3,"2021-07-03","3"
"1405","MN14","MN16","1",3,"2021-07-03","3"
"1406","MN14","MN19","1",3,"2021-07-03","3"
"1407","MN14","MN23","1",3,"2021-07-03","3"
"1408","MN76","MN16","1",3,"2021-07-03","3"
"1409","MN76","MN19","1",3,"2021-07-03","3"
"1410","MN76","MN23","1",3,"2021-07-03","3"
"1411","MN16","MN19","1",3,"2021-07-03","3"
"1412","MN16","MN23","1",3,"2021-07-03","3"
"1413","MN19","MN23","1",3,"2021-07-03","3"
"1414","MN17","MN28","1",4,"2021-07-03","3"
"1415","MN41","MN44","1",4,"2021-07-03","3"
"1416","MN22","MN70","1",4,"2021-07-03","3"
"1417","MN16","MN23","1",4,"2021-07-03","3"
"1418","MN16","MN1","1",4,"2021-07-03","3"
"1419","MN23","MN1","1",4,"2021-07-03","3"
"1420","MN46","MN31","1",4,"2021-07-03","3"
"1421","MN46","MN55","1",4,"2021-07-03","3"
"1422","MN46","MN48","1",4,"2021-07-03","3"
"1423","MN31","MN55","1",4,"2021-07-03","3"
"1424","MN31","MN48","1",4,"2021-07-03","3"
"1425","MN55","MN48","1",4,"2021-07-03","3"
"1426","MN17","MN28","1",5,"2021-07-03","3"
"1427","MN13B","MN13A","1",5,"2021-07-03","3"
"1428","MN71","MN54","1",5,"2021-07-03","3"
"1429","MN29","MN40","1",5,"2021-07-03","3"
"1430","MN41","MN44","1",5,"2021-07-03","3"
"1431","MN21","MN20","1",5,"2021-07-03","3"
"1432","MN69","MN22","1",5,"2021-07-03","3"
"1433","MN69","MN70","1",5,"2021-07-03","3"
"1434","MN22","MN70","1",5,"2021-07-03","3"
"1435","MN46","MN48","1",5,"2021-07-03","3"
"1436","MN46","MN31","1",5,"2021-07-03","3"
"1437","MN46","MN55","1",5,"2021-07-03","3"
"1438","MN48","MN31","1",5,"2021-07-03","3"
"1439","MN48","MN55","1",5,"2021-07-03","3"
"1440","MN31","MN55","1",5,"2021-07-03","3"
"1441","MN23","MN19","1",5,"2021-07-03","3"
"1442","MN23","MN1","1",5,"2021-07-03","3"
"1443","MN23","MN2","1",5,"2021-07-03","3"
"1444","MN19","MN1","1",5,"2021-07-03","3"
"1445","MN19","MN2","1",5,"2021-07-03","3"
"1446","MN1","MN2","1",5,"2021-07-03","3"
"1447","MN17","MN28","1",6,"2021-07-03","3"
"1448","MN13B","MN13A","1",6,"2021-07-03","3"
"1449","MN40","MN29","1",6,"2021-07-03","3"
"1450","MN44","MN41","1",6,"2021-07-03","3"
"1451","MN21","MN20","1",6,"2021-07-03","3"
"1452","MN70","MN69","1",6,"2021-07-03","3"
"1453","MN70","MN22","1",6,"2021-07-03","3"
"1454","MN69","MN22","1",6,"2021-07-03","3"
"1455","MN46","MN48","1",6,"2021-07-03","3"
"1456","MN46","MN55","1",6,"2021-07-03","3"
"1457","MN48","MN55","1",6,"2021-07-03","3"
"1458","MN13A","MN13B","1",1,"2021-07-05","3"
"1459","MN71","MN54","1",1,"2021-07-05","3"
"1460","MN43","MN41","1",1,"2021-07-05","3"
"1461","MN43","MN76","1",1,"2021-07-05","3"
"1462","MN41","MN76","1",1,"2021-07-05","3"
"1463","MN70","MN60","1",1,"2021-07-05","3"
"1464","MN55","MN31","1",1,"2021-07-05","3"
"1465","MN13B","MN13A","1",2,"2021-07-05","3"
"1466","MN70","MN69","1",2,"2021-07-05","3"
"1467","MN70","MN22","1",2,"2021-07-05","3"
"1468","MN69","MN22","1",2,"2021-07-05","3"
"1469","MN55","MN31","1",2,"2021-07-05","3"
"1470","MN17","MN28","1",3,"2021-07-05","3"
"1471","MN28","MN19","1",3,"2021-07-05","3"
"1472","MN44","MN41","1",3,"2021-07-05","3"
"1473","MN22","MN70","1",3,"2021-07-05","3"
"1474","MN60","MN21","1",3,"2021-07-05","3"
"1475","MN60","MN43","1",3,"2021-07-05","3"
"1476","MN21","MN43","1",3,"2021-07-05","3"
"1477","MN55","MN31","1",3,"2021-07-05","3"
"1478","MN12","MN18","1",4,"2021-07-05","3"
"1479","MN12","MN28","1",4,"2021-07-05","3"
"1480","MN18","MN28","1",4,"2021-07-05","3"
"1481","MN13A","MN13B","1",4,"2021-07-05","3"
"1482","MN44","MN41","1",4,"2021-07-05","3"
"1483","MN69","MN70","1",4,"2021-07-05","3"
"1484","MN22","MN70","1",4,"2021-07-05","3"
"1485","MN31","MN55","1",4,"2021-07-05","3"
"1486","MN31","MN19","1",4,"2021-07-05","3"
"1487","MN21","MN60","1",4,"2021-07-05","3"
"1488","MN12","MN28","1",5,"2021-07-05","3"
"1489","MN44","MN41","1",5,"2021-07-05","3"
"1490","MN20","MN21","1",5,"2021-07-05","3"
"1491","MN21","MN60","1",5,"2021-07-05","3"
"1492","MN22","MN69","1",5,"2021-07-05","3"
"1493","MN17","MN71","1",5,"2021-07-05","3"
"1494","MN55","MN45","1",5,"2021-07-05","3"
"1495","MN28","MN17","1",6,"2021-07-05","3"
"1496","MN40","MN29","1",6,"2021-07-05","3"
"1497","MN41","MN44","1",6,"2021-07-05","3"
"1498","MN21","MN20","1",6,"2021-07-05","3"
"1499","MN20","MN60","1",6,"2021-07-05","3"
"1500","MN31","MN55","1",6,"2021-07-05","3"
"1501","MN17","MN12","1",1,"2021-07-06","3"
"1502","MN17","MN28","1",1,"2021-07-06","3"
"1503","MN12","MN28","1",1,"2021-07-06","3"
"1504","MN13B","MN13A","1",1,"2021-07-06","3"
"1505","MN71","MN54","1",1,"2021-07-06","3"
"1506","MN29","MN40","1",1,"2021-07-06","3"
"1507","MN41","MN44","1",1,"2021-07-06","3"
"1508","MN20","MN21","1",1,"2021-07-06","3"
"1509","MN22","MN70","1",1,"2021-07-06","3"
"1510","MN22","MN69","1",1,"2021-07-06","3"
"1511","MN70","MN69","1",1,"2021-07-06","3"
"1512","MN55","MN31","1",1,"2021-07-06","3"
"1513","MN55","MN26","1",1,"2021-07-06","3"
"1514","MN31","MN26","1",1,"2021-07-06","3"
"1515","MN28","MN17","1",2,"2021-07-06","3"
"1516","MN28","MN12","1",2,"2021-07-06","3"
"1517","MN17","MN12","1",2,"2021-07-06","3"
"1518","MN54","MN71","1",2,"2021-07-06","3"
"1519","MN40","MN29","1",2,"2021-07-06","3"
"1520","MN41","MN44","1",2,"2021-07-06","3"
"1521","MN21","MN46","1",2,"2021-07-06","3"
"1522","MN20","MN46","1",2,"2021-07-06","3"
"1523","MN31","MN55","1",2,"2021-07-06","3"
"1524","MN17","MN12","1",3,"2021-07-06","3"
"1525","MN17","MN28","1",3,"2021-07-06","3"
"1526","MN12","MN28","1",3,"2021-07-06","3"
"1527","MN71","MN54","1",3,"2021-07-06","3"
"1528","MN40","MN29","1",3,"2021-07-06","3"
"1529","MN44","MN41","1",3,"2021-07-06","3"
"1530","MN20","MN21","1",3,"2021-07-06","3"
"1531","MN20","MN46","1",3,"2021-07-06","3"
"1532","MN21","MN46","1",3,"2021-07-06","3"
"1533","MN22","MN70","1",3,"2021-07-06","3"
"1534","MN22","MN69","1",3,"2021-07-06","3"
"1535","MN70","MN69","1",3,"2021-07-06","3"
"1536","MN55","MN31","1",3,"2021-07-06","3"
"1537","MN28","MN17","1",4,"2021-07-06","3"
"1538","MN28","MN12","1",4,"2021-07-06","3"
"1539","MN17","MN12","1",4,"2021-07-06","3"
"1540","MN58","MN16","1",4,"2021-07-06","3"
"1541","MN40","MN29","1",4,"2021-07-06","3"
"1542","MN41","MN44","1",4,"2021-07-06","3"
"1543","MN21","MN20","1",4,"2021-07-06","3"
"1544","MN70","MN22","1",4,"2021-07-06","3"
"1545","MN60","MN71","1",4,"2021-07-06","3"
"1546","MN31","MN55","1",4,"2021-07-06","3"
"1547","MN17","MN12","1",5,"2021-07-06","3"
"1548","MN17","MN28","1",5,"2021-07-06","3"
"1549","MN12","MN28","1",5,"2021-07-06","3"
"1550","MN54","MN71","1",5,"2021-07-06","3"
"1551","MN29","MN40","1",5,"2021-07-06","3"
"1552","MN44","MN41","1",5,"2021-07-06","3"
"1553","MN20","MN21","1",5,"2021-07-06","3"
"1554","MN69","MN22","1",5,"2021-07-06","3"
"1555","MN76","MN15","1",5,"2021-07-06","3"
"1556","MN31","MN55","1",5,"2021-07-06","3"
"1557","MN28","MN12","1",6,"2021-07-06","3"
"1558","MN28","MN17","1",6,"2021-07-06","3"
"1559","MN12","MN17","1",6,"2021-07-06","3"
"1560","MN13A","MN13B","1",6,"2021-07-06","3"
"1561","MN54","MN71","1",6,"2021-07-06","3"
"1562","MN40","MN29","1",6,"2021-07-06","3"
"1563","MN21","MN20","1",6,"2021-07-06","3"
"1564","MN70","MN22","1",6,"2021-07-06","3"
"1565","MN70","MN69","1",6,"2021-07-06","3"
"1566","MN22","MN69","1",6,"2021-07-06","3"
"1567","MN7","MN60","1",6,"2021-07-06","3"
"1568","MN31","MN55","1",6,"2021-07-06","3"
"1569","MN12","MN28","1",1,"2021-07-07","3"
"1570","MN71","MN54","1",1,"2021-07-07","3"
"1571","MN44","MN41","1",1,"2021-07-07","3"
"1572","MN20","MN21","1",1,"2021-07-07","3"
"1573","MN70","MN19","1",1,"2021-07-07","3"
"1574","MN55","MN31","1",1,"2021-07-07","3"
"1575","MN12","MN17","1",2,"2021-07-07","3"
"1576","MN12","MN28","1",2,"2021-07-07","3"
"1577","MN17","MN28","1",2,"2021-07-07","3"
"1578","MN29","MN40","1",2,"2021-07-07","3"
"1579","MN44","MN41","1",2,"2021-07-07","3"
"1580","MN20","MN21","1",2,"2021-07-07","3"
"1581","MN69","MN70","1",2,"2021-07-07","3"
"1582","MN69","MN22","1",2,"2021-07-07","3"
"1583","MN70","MN22","1",2,"2021-07-07","3"
"1584","MN60","MN71","1",2,"2021-07-07","3"
"1585","MN28","MN17","1",3,"2021-07-07","3"
"1586","MN28","MN12","1",3,"2021-07-07","3"
"1587","MN17","MN12","1",3,"2021-07-07","3"
"1588","MN12","MN69","1",3,"2021-07-07","3"
"1589","MN12","MN71","1",3,"2021-07-07","3"
"1590","MN12","MN60","1",3,"2021-07-07","3"
"1591","MN40","MN29","1",3,"2021-07-07","3"
"1592","MN44","MN41","1",3,"2021-07-07","3"
"1593","MN69","MN71","1",3,"2021-07-07","3"
"1594","MN69","MN60","1",3,"2021-07-07","3"
"1595","MN71","MN60","1",3,"2021-07-07","3"
"1596","MN28","MN17","1",4,"2021-07-07","3"
"1597","MN41","MN44","1",4,"2021-07-07","3"
"1598","MN22","MN70","1",4,"2021-07-07","3"
"1599","MN71","MN60","1",4,"2021-07-07","3"
"1600","MN28","MN17","1",5,"2021-07-07","3"
"1601","MN28","MN12","1",5,"2021-07-07","3"
"1602","MN17","MN12","1",5,"2021-07-07","3"
"1603","MN12","MN21","1",5,"2021-07-07","3"
"1604","MN13A","MN13B","1",5,"2021-07-07","3"
"1605","MN54","MN71","1",5,"2021-07-07","3"
"1606","MN44","MN41","1",5,"2021-07-07","3"
"1607","MN70","MN22","1",5,"2021-07-07","3"
"1608","MN12","MN28","1",6,"2021-07-07","3"
"1609","MN71","MN54","1",6,"2021-07-07","3"
"1610","MN20","MN21","1",6,"2021-07-07","3"
"1611","MN70","MN22","1",6,"2021-07-07","3"
"1612","MN70","MN69","1",6,"2021-07-07","3"
"1613","MN22","MN69","1",6,"2021-07-07","3"
"1614","MN28","MN12","1",1,"2021-07-08","3"
"1615","MN54","MN71","1",1,"2021-07-08","3"
"1616","MN40","MN29","1",1,"2021-07-08","3"
"1617","MN41","MN44","1",1,"2021-07-08","3"
"1618","MN70","MN22","1",1,"2021-07-08","3"
"1619","MN13A","MN13B","1",2,"2021-07-08","3"
"1620","MN22","MN70","1",2,"2021-07-08","3"
"1621","MN12","MN28","1",3,"2021-07-08","3"
"1622","MN13A","MN14","1",3,"2021-07-08","3"
"1623","MN54","MN71","1",3,"2021-07-08","3"
"1624","MN40","MN29","1",3,"2021-07-08","3"
"1625","MN44","MN41","1",3,"2021-07-08","3"
"1626","MN28","MN12","1",4,"2021-07-08","3"
"1627","MN13B","MN13A","1",4,"2021-07-08","3"
"1628","MN54","MN71","1",4,"2021-07-08","3"
"1629","MN44","MN41","1",4,"2021-07-08","3"
"1630","MN70","MN22","1",4,"2021-07-08","3"
"1631","MN28","MN12","1",5,"2021-07-08","3"
"1632","MN13B","MN14","1",5,"2021-07-08","3"
"1633","MN71","MN54","1",5,"2021-07-08","3"
"1634","MN29","MN40","1",5,"2021-07-08","3"
"1635","MN70","MN69","1",5,"2021-07-08","3"
"1636","MN70","MN22","1",5,"2021-07-08","3"
"1637","MN69","MN22","1",5,"2021-07-08","3"
"1638","MN54","MN71","1",6,"2021-07-08","3"
"1639","MN44","MN41","1",6,"2021-07-08","3"
"1640","MN22","MN70","1",6,"2021-07-08","3"
"1641","MN31","MN55","1",6,"2021-07-08","3"
"1642","MN28","MN12","1",1,"2021-07-09","3"
"1643","MN13A","MN13B","1",1,"2021-07-09","3"
"1644","MN40","MN29","1",1,"2021-07-09","3"
"1645","MN44","MN41","1",1,"2021-07-09","3"
"1646","MN69","MN22","1",1,"2021-07-09","3"
"1647","MN67","MN14","1",1,"2021-07-09","3"
"1648","MN55","MN31","1",1,"2021-07-09","3"
"1649","MN28","MN12","1",2,"2021-07-09","3"
"1650","MN13B","MN13A","1",2,"2021-07-09","3"
"1651","MN40","MN29","1",2,"2021-07-09","3"
"1652","MN44","MN41","1",2,"2021-07-09","3"
"1653","MN70","MN22","1",2,"2021-07-09","3"
"1654","MN70","MN69","1",2,"2021-07-09","3"
"1655","MN22","MN69","1",2,"2021-07-09","3"
"1656","MN67","MN14","1",2,"2021-07-09","3"
"1657","MN31","MN55","1",2,"2021-07-09","3"
"1658","MN28","MN12","1",3,"2021-07-09","3"
"1659","MN13A","MN13B","1",3,"2021-07-09","3"
"1660","MN54","MN71","1",3,"2021-07-09","3"
"1661","MN40","MN29","1",3,"2021-07-09","3"
"1662","MN44","MN41","1",3,"2021-07-09","3"
"1663","MN22","MN70","1",3,"2021-07-09","3"
"1664","MN22","MN69","1",3,"2021-07-09","3"
"1665","MN70","MN69","1",3,"2021-07-09","3"
"1666","MN67","MN16","1",3,"2021-07-09","3"
"1667","MN55","MN31","1",3,"2021-07-09","3"
"1668","MN28","MN12","1",4,"2021-07-09","3"
"1669","MN13B","MN13A","1",4,"2021-07-09","3"
"1670","MN71","MN54","1",4,"2021-07-09","3"
"1671","MN40","MN29","1",4,"2021-07-09","3"
"1672","MN44","MN41","1",4,"2021-07-09","3"
"1673","MN22","MN70","1",4,"2021-07-09","3"
"1674","MN22","MN69","1",4,"2021-07-09","3"
"1675","MN70","MN69","1",4,"2021-07-09","3"
"1676","MN67","MN16","1",4,"2021-07-09","3"
"1677","MN31","MN55","1",4,"2021-07-09","3"
"1678","MN28","MN12","1",5,"2021-07-09","3"
"1679","MN70","MN69","1",5,"2021-07-09","3"
"1680","MN55","MN31","1",5,"2021-07-09","3"
"1681","MN12","MN28","1",6,"2021-07-09","3"
"1682","MN13A","MN13B","1",6,"2021-07-09","3"
"1683","MN54","MN71","1",6,"2021-07-09","3"
"1684","MN44","MN41","1",6,"2021-07-09","3"
"1685","MN22","MN70","1",6,"2021-07-09","3"
"1686","MN67","MN14","1",6,"2021-07-09","3"
"1687","MN31","MN55","1",6,"2021-07-09","3"
