"","Date","Period","ID1","ID2"
"1","6/2/21","1","MN62","MN39"
"2","6/2/21","1","MN62","MN45"
"3","6/2/21","1","MN62","MN56"
"4","6/2/21","1","MN62","MN67"
"5","6/2/21","1","MN62","MN33"
"6","6/2/21","1","MN62","MN43"
"7","6/2/21","1","MN39","MN45"
"8","6/2/21","1","MN39","MN56"
"9","6/2/21","1","MN39","MN67"
"10","6/2/21","1","MN39","MN33"
"11","6/2/21","1","MN39","MN43"
"12","6/2/21","1","MN45","MN56"
"13","6/2/21","1","MN45","MN67"
"14","6/2/21","1","MN45","MN33"
"15","6/2/21","1","MN45","MN43"
"16","6/2/21","1","MN56","MN67"
"17","6/2/21","1","MN56","MN33"
"18","6/2/21","1","MN56","MN43"
"19","6/2/21","1","MN67","MN33"
"20","6/2/21","1","MN67","MN43"
"21","6/2/21","1","MN33","MN43"
"22","6/2/21","1","MN44","MN19"
"23","6/2/21","1","MN40","MN21"
"24","6/2/21","1","MN41","MN61"
"25","6/2/21","1","MN28","MN2"
"26","6/2/21","1","MN8","MN22"
"27","6/2/21","1","MN8","MN36"
"28","6/2/21","1","MN22","MN36"
"29","6/2/21","1","MN55","MN29"
"30","6/2/21","1","MN55","MN76"
"31","6/2/21","1","MN29","MN76"
"32","6/2/21","1","MN20","MN65"
"33","6/2/21","1","MN20","MN54"
"34","6/2/21","1","MN20","MN64"
"35","6/2/21","1","MN65","MN54"
"36","6/2/21","1","MN65","MN64"
"37","6/2/21","1","MN54","MN64"
"38","6/2/21","1","MN7","MN63B"
"39","6/3/21","1","MN43","MN45"
"40","6/3/21","1","MN43","MN56"
"41","6/3/21","1","MN43","MN39"
"42","6/3/21","1","MN43","MN67"
"43","6/3/21","1","MN45","MN56"
"44","6/3/21","1","MN45","MN39"
"45","6/3/21","1","MN45","MN67"
"46","6/3/21","1","MN56","MN39"
"47","6/3/21","1","MN56","MN67"
"48","6/3/21","1","MN39","MN67"
"49","6/3/21","1","MN21","MN40"
"50","6/3/21","1","MN63B","MN41"
"51","6/3/21","1","MN2","MN28"
"52","6/3/21","1","MN36","MN22"
"53","6/3/21","1","MN36","MN8"
"54","6/3/21","1","MN36","MN57"
"55","6/3/21","1","MN22","MN8"
"56","6/3/21","1","MN22","MN57"
"57","6/3/21","1","MN8","MN57"
"58","6/3/21","1","MN35","MN55"
"59","6/3/21","1","MN35","MN59"
"60","6/3/21","1","MN55","MN59"
"61","6/3/21","1","MN54","MN20"
"62","6/3/21","1","MN54","MN61"
"63","6/3/21","1","MN20","MN61"
"64","6/3/21","1","MN49","MN1"
"65","6/4/21","1","MN19","MN62"
"66","6/4/21","1","MN61","MN18"
"67","6/4/21","1","MN54","MN56"
"68","6/4/21","1","MN31","MN51"
"69","6/4/21","1","MN31","MN40"
"70","6/4/21","1","MN31","MN59"
"71","6/4/21","1","MN51","MN40"
"72","6/4/21","1","MN51","MN59"
"73","6/4/21","1","MN40","MN59"
"74","6/4/21","1","MN35","MN7"
"75","6/4/21","1","MN35","MN8"
"76","6/4/21","1","MN35","MN1"
"77","6/4/21","1","MN35","MN69"
"78","6/4/21","1","MN35","MN14"
"79","6/4/21","1","MN35","MN76"
"80","6/4/21","1","MN7","MN8"
"81","6/4/21","1","MN7","MN1"
"82","6/4/21","1","MN7","MN69"
"83","6/4/21","1","MN7","MN14"
"84","6/4/21","1","MN7","MN76"
"85","6/4/21","1","MN8","MN1"
"86","6/4/21","1","MN8","MN69"
"87","6/4/21","1","MN8","MN14"
"88","6/4/21","1","MN8","MN76"
"89","6/4/21","1","MN1","MN69"
"90","6/4/21","1","MN1","MN14"
"91","6/4/21","1","MN1","MN76"
"92","6/4/21","1","MN69","MN14"
"93","6/4/21","1","MN69","MN76"
"94","6/4/21","1","MN14","MN76"
"95","6/4/21","1","MN45","MN48"
"96","6/4/21","1","MN45","MN70"
"97","6/4/21","1","MN45","MN2"
"98","6/4/21","1","MN48","MN70"
"99","6/4/21","1","MN48","MN2"
"100","6/4/21","1","MN70","MN2"
"101","6/4/21","1","MN21","MN20"
"102","6/4/21","1","MN21","MN71"
"103","6/4/21","1","MN21","MN22"
"104","6/4/21","1","MN20","MN71"
"105","6/4/21","1","MN20","MN22"
"106","6/4/21","1","MN71","MN22"
"107","6/5/21","1","MN62","MN28"
"108","6/5/21","1","MN62","MN17"
"109","6/5/21","1","MN28","MN17"
"110","6/5/21","1","MN18","MN11"
"111","6/5/21","1","MN63B","MN76"
"112","6/5/21","1","MN63B","MN58"
"113","6/5/21","1","MN76","MN58"
"114","6/5/21","1","MN22","MN46"
"115","6/5/21","1","MN21","MN20"
"116","6/5/21","1","MN14","MN35"
"117","6/6/21","1","MN32","MN62"
"118","6/6/21","1","MN32","MN17"
"119","6/6/21","1","MN32","MN28"
"120","6/6/21","1","MN62","MN17"
"121","6/6/21","1","MN62","MN28"
"122","6/6/21","1","MN17","MN28"
"123","6/6/21","1","MN71","MN29"
"124","6/6/21","1","MN16","MN31"
"125","6/6/21","1","MN16","MN11"
"126","6/6/21","1","MN31","MN11"
"127","6/6/21","1","MN40","MN59"
"128","6/6/21","1","MN69","MN67"
"129","6/6/21","1","MN69","MN19"
"130","6/6/21","1","MN67","MN19"
"131","6/6/21","1","MN44","MN58"
"132","6/6/21","1","MN35","MN66"
"133","6/6/21","1","MN36","MN42"
"134","6/6/21","1","MN20","MN21"
"135","6/6/21","1","MN20","MN70"
"136","6/6/21","1","MN21","MN70"
"137","6/7/21","1","MN28","MN32"
"138","6/7/21","1","MN28","MN17"
"139","6/7/21","1","MN32","MN17"
"140","6/7/21","1","MN13B","MN13A"
"141","6/7/21","1","MN76","MN15"
"142","6/7/21","1","MN76","MN54"
"143","6/7/21","1","MN15","MN54"
"144","6/7/21","1","MN59","MN40"
"145","6/7/21","1","MN65","MN26"
"146","6/7/21","1","MN22","MN69"
"147","6/7/21","1","MN22","MN45"
"148","6/7/21","1","MN69","MN45"
"149","6/7/21","1","MN20","MN21"
"150","6/7/21","1","MN20","MN70"
"151","6/7/21","1","MN21","MN70"
"152","6/8/21","1","MN28","MN32"
"153","6/8/21","1","MN28","MN12"
"154","6/8/21","1","MN28","MN17"
"155","6/8/21","1","MN32","MN12"
"156","6/8/21","1","MN32","MN17"
"157","6/8/21","1","MN12","MN17"
"158","6/8/21","1","MN13A","MN13B"
"159","6/8/21","1","MN40","MN59"
"160","6/8/21","1","MN23","MN1"
"161","6/8/21","1","MN23","MN62"
"162","6/8/21","1","MN1","MN62"
"163","6/8/21","1","MN22","MN71"
"164","6/8/21","1","MN22","MN69"
"165","6/8/21","1","MN71","MN69"
"166","6/8/21","1","MN21","MN20"
"167","6/8/21","1","MN56","MN33"
"168","6/8/21","1","MN56","MN60"
"169","6/8/21","1","MN56","MN16"
"170","6/8/21","1","MN56","MN46"
"171","6/8/21","1","MN56","MN76"
"172","6/8/21","1","MN56","MN70"
"173","6/8/21","1","MN33","MN60"
"174","6/8/21","1","MN33","MN16"
"175","6/8/21","1","MN33","MN46"
"176","6/8/21","1","MN33","MN76"
"177","6/8/21","1","MN33","MN70"
"178","6/8/21","1","MN60","MN16"
"179","6/8/21","1","MN60","MN46"
"180","6/8/21","1","MN60","MN76"
"181","6/8/21","1","MN60","MN70"
"182","6/8/21","1","MN16","MN46"
"183","6/8/21","1","MN16","MN76"
"184","6/8/21","1","MN16","MN70"
"185","6/8/21","1","MN46","MN76"
"186","6/8/21","1","MN46","MN70"
"187","6/8/21","1","MN76","MN70"
"188","6/8/21","1","MN14","MN31"
"189","6/8/21","1","MN14","MN63A"
"190","6/8/21","1","MN14","MN55"
"191","6/8/21","1","MN14","MN51"
"192","6/8/21","1","MN31","MN63A"
"193","6/8/21","1","MN31","MN55"
"194","6/8/21","1","MN31","MN51"
"195","6/8/21","1","MN63A","MN55"
"196","6/8/21","1","MN63A","MN51"
"197","6/8/21","1","MN55","MN51"
"198","6/17/21","2","MN44","MN41"
"199","6/17/21","2","MN44","MN30"
"200","6/17/21","2","MN41","MN30"
"201","6/17/21","2","MN17","MN28"
"202","6/17/21","2","MN17","MN12"
"203","6/17/21","2","MN28","MN12"
"204","6/17/21","2","MN13B","MN13A"
"205","6/17/21","2","MN71","MN54"
"206","6/17/21","2","MN59","MN29"
"207","6/17/21","2","MN59","MN40"
"208","6/17/21","2","MN29","MN40"
"209","6/17/21","2","MN76","MN63B"
"210","6/17/21","2","MN21","MN20"
"211","6/17/21","2","MN22","MN69"
"212","6/17/21","2","MN55","MN70"
"213","6/17/21","2","MN55","MN35"
"214","6/17/21","2","MN55","MN2"
"215","6/17/21","2","MN55","MN67"
"216","6/17/21","2","MN70","MN35"
"217","6/17/21","2","MN70","MN2"
"218","6/17/21","2","MN70","MN67"
"219","6/17/21","2","MN35","MN2"
"220","6/17/21","2","MN35","MN67"
"221","6/17/21","2","MN2","MN67"
"222","6/17/21","2","MN26","MN23"
"223","6/17/21","2","MN60","MN19"
"224","6/17/21","2","MN60","MN7"
"225","6/17/21","2","MN60","MN14"
"226","6/17/21","2","MN19","MN7"
"227","6/17/21","2","MN19","MN14"
"228","6/17/21","2","MN7","MN14"
"229","6/17/21","2","MN63A","MN46"
"230","6/18/21","2","MN17","MN28"
"231","6/18/21","2","MN54","MN71"
"232","6/18/21","2","MN29","MN59"
"233","6/18/21","2","MN29","MN40"
"234","6/18/21","2","MN59","MN40"
"235","6/18/21","2","MN18","MN76"
"236","6/18/21","2","MN18","MN63B"
"237","6/18/21","2","MN76","MN63B"
"238","6/18/21","2","MN21","MN20"
"239","6/18/21","2","MN69","MN22"
"240","6/18/21","2","MN55","MN70"
"241","6/18/21","2","MN33","MN16"
"242","6/18/21","2","MN33","MN31"
"243","6/18/21","2","MN33","MN46"
"244","6/18/21","2","MN16","MN31"
"245","6/18/21","2","MN16","MN46"
"246","6/18/21","2","MN31","MN46"
"247","6/19/21","2","MN17","MN12"
"248","6/19/21","2","MN17","MN28"
"249","6/19/21","2","MN12","MN28"
"250","6/19/21","2","MN13B","MN13A"
"251","6/19/21","2","MN71","MN54"
"252","6/19/21","2","MN29","MN59"
"253","6/19/21","2","MN29","MN40"
"254","6/19/21","2","MN59","MN40"
"255","6/19/21","2","MN18","MN63B"
"256","6/19/21","2","MN18","MN76"
"257","6/19/21","2","MN63B","MN76"
"258","6/19/21","2","MN21","MN20"
"259","6/19/21","2","MN69","MN22"
"260","6/19/21","2","MN69","MN1"
"261","6/19/21","2","MN22","MN1"
"262","6/19/21","2","MN55","MN26"
"263","6/19/21","2","MN55","MN31"
"264","6/19/21","2","MN26","MN31"
"265","6/19/21","2","MN60","MN7"
"266","6/20/21","2","MN17","MN12"
"267","6/20/21","2","MN17","MN28"
"268","6/20/21","2","MN12","MN28"
"269","6/20/21","2","MN13A","MN13B"
"270","6/20/21","2","MN71","MN54"
"271","6/20/21","2","MN29","MN59"
"272","6/20/21","2","MN29","MN40"
"273","6/20/21","2","MN59","MN40"
"274","6/20/21","2","MN63B","MN18"
"275","6/20/21","2","MN63B","MN76"
"276","6/20/21","2","MN18","MN76"
"277","6/20/21","2","MN21","MN20"
"278","6/20/21","2","MN69","MN22"
"279","6/20/21","2","MN56","MN26"
"280","6/20/21","2","MN67","MN23"
"281","6/20/21","2","MN67","MN64"
"282","6/20/21","2","MN67","MN1"
"283","6/20/21","2","MN67","MN55"
"284","6/20/21","2","MN67","MN31"
"285","6/20/21","2","MN23","MN64"
"286","6/20/21","2","MN23","MN1"
"287","6/20/21","2","MN23","MN55"
"288","6/20/21","2","MN23","MN31"
"289","6/20/21","2","MN64","MN1"
"290","6/20/21","2","MN64","MN55"
"291","6/20/21","2","MN64","MN31"
"292","6/20/21","2","MN1","MN55"
"293","6/20/21","2","MN1","MN31"
"294","6/20/21","2","MN55","MN31"
"295","6/20/21","2","MN60","MN7"
"296","6/21/21","2","MN12","MN17"
"297","6/21/21","2","MN12","MN28"
"298","6/21/21","2","MN17","MN28"
"299","6/21/21","2","MN13A","MN13B"
"300","6/21/21","2","MN35","MN8"
"301","6/21/21","2","MN54","MN71"
"302","6/21/21","2","MN29","MN59"
"303","6/21/21","2","MN29","MN40"
"304","6/21/21","2","MN59","MN40"
"305","6/21/21","2","MN63B","MN18"
"306","6/21/21","2","MN20","MN21"
"307","6/21/21","2","MN22","MN69"
"308","6/21/21","2","MN23","MN70"
"309","6/21/21","2","MN23","MN19"
"310","6/21/21","2","MN23","MN44"
"311","6/21/21","2","MN70","MN19"
"312","6/21/21","2","MN70","MN44"
"313","6/21/21","2","MN19","MN44"
"314","6/21/21","2","MN31","MN55"
"315","6/21/21","2","MN51","MN45"
"316","6/21/21","2","MN51","MN26"
"317","6/21/21","2","MN45","MN26"
"318","6/21/21","2","MN14","MN2"
"319","6/21/21","2","MN14","MN7"
"320","6/21/21","2","MN2","MN7"
"321","6/22/21","2","MN17","MN28"
"322","6/22/21","2","MN17","MN12"
"323","6/22/21","2","MN28","MN12"
"324","6/22/21","2","MN13A","MN13B"
"325","6/22/21","2","MN44","MN67"
"326","6/22/21","2","MN54","MN71"
"327","6/22/21","2","MN58","MN19"
"328","6/22/21","2","MN59","MN40"
"329","6/22/21","2","MN76","MN18"
"330","6/22/21","2","MN76","MN63B"
"331","6/22/21","2","MN18","MN63B"
"332","6/22/21","2","MN21","MN20"
"333","6/22/21","2","MN22","MN69"
"334","6/22/21","2","MN60","MN64"
"335","6/22/21","2","MN60","MN1"
"336","6/22/21","2","MN64","MN1"
"337","6/22/21","2","MN51","MN14"
"338","6/22/21","2","MN51","MN70"
"339","6/22/21","2","MN51","MN41"
"340","6/22/21","2","MN51","MN8"
"341","6/22/21","2","MN51","MN2"
"342","6/22/21","2","MN14","MN70"
"343","6/22/21","2","MN14","MN41"
"344","6/22/21","2","MN14","MN8"
"345","6/22/21","2","MN14","MN2"
"346","6/22/21","2","MN70","MN41"
"347","6/22/21","2","MN70","MN8"
"348","6/22/21","2","MN70","MN2"
"349","6/22/21","2","MN41","MN8"
"350","6/22/21","2","MN41","MN2"
"351","6/22/21","2","MN8","MN2"
"352","6/23/21","2","MN28","MN17"
"353","6/23/21","2","MN28","MN12"
"354","6/23/21","2","MN17","MN12"
"355","6/23/21","2","MN13A","MN13B"
"356","6/23/21","2","MN71","MN54"
"357","6/23/21","2","MN59","MN29"
"358","6/23/21","2","MN59","MN40"
"359","6/23/21","2","MN29","MN40"
"360","6/23/21","2","MN76","MN63B"
"361","6/23/21","2","MN76","MN18"
"362","6/23/21","2","MN63B","MN18"
"363","6/23/21","2","MN20","MN21"
"364","6/23/21","2","MN22","MN69"
"365","6/23/21","2","MN22","MN70"
"366","6/23/21","2","MN69","MN70"
"367","6/23/21","2","MN1","MN55"
"368","6/23/21","2","MN8","MN19"
"369","6/23/21","2","MN60","MN64"
"370","6/23/21","2","MN60","MN51"
"371","6/23/21","2","MN64","MN51"
"372","6/24/21","2","MN28","MN17"
"373","6/24/21","2","MN28","MN12"
"374","6/24/21","2","MN17","MN12"
"375","6/24/21","2","MN13B","MN13A"
"376","6/24/21","2","MN44","MN67"
"377","6/24/21","2","MN44","MN70"
"378","6/24/21","2","MN67","MN70"
"379","6/24/21","2","MN71","MN54"
"380","6/24/21","2","MN29","MN59"
"381","6/24/21","2","MN29","MN40"
"382","6/24/21","2","MN59","MN40"
"383","6/24/21","2","MN63B","MN18"
"384","6/24/21","2","MN21","MN20"
"385","6/24/21","2","MN69","MN22"
"386","6/24/21","2","MN55","MN56"
"387","6/24/21","2","MN55","MN76"
"388","6/24/21","2","MN56","MN76"
"389","6/24/21","2","MN64","MN60"
"390","6/24/21","2","MN31","MN26"
"391","6/24/21","2","MN31","MN46"
"392","6/24/21","2","MN26","MN46"
"393","6/24/21","2","MN48","MN1"
"394","7/2/21","3","MN28","MN12"
"395","7/2/21","3","MN28","MN17"
"396","7/2/21","3","MN12","MN17"
"397","7/2/21","3","MN13A","MN13B"
"398","7/2/21","3","MN71","MN54"
"399","7/2/21","3","MN40","MN29"
"400","7/2/21","3","MN40","MN59"
"401","7/2/21","3","MN29","MN59"
"402","7/2/21","3","MN20","MN21"
"403","7/2/21","3","MN69","MN22"
"404","7/2/21","3","MN69","MN70"
"405","7/2/21","3","MN22","MN70"
"406","7/2/21","3","MN16","MN67"
"407","7/2/21","3","MN16","MN56"
"408","7/2/21","3","MN67","MN56"
"409","7/2/21","3","MN55","MN31"
"410","7/2/21","3","MN76","MN46"
"411","7/2/21","3","MN14","MN23"
"412","7/3/21","3","MN28","MN18"
"413","7/3/21","3","MN28","MN12"
"414","7/3/21","3","MN18","MN12"
"415","7/3/21","3","MN13A","MN13B"
"416","7/3/21","3","MN71","MN54"
"417","7/3/21","3","MN29","MN40"
"418","7/3/21","3","MN44","MN41"
"419","7/3/21","3","MN21","MN20"
"420","7/3/21","3","MN69","MN22"
"421","7/3/21","3","MN69","MN70"
"422","7/3/21","3","MN22","MN70"
"423","7/3/21","3","MN7","MN16"
"424","7/3/21","3","MN46","MN48"
"425","7/3/21","3","MN46","MN55"
"426","7/3/21","3","MN46","MN31"
"427","7/3/21","3","MN48","MN55"
"428","7/3/21","3","MN48","MN31"
"429","7/3/21","3","MN55","MN31"
"430","7/3/21","3","MN45","MN19"
"431","7/3/21","3","MN45","MN14"
"432","7/3/21","3","MN45","MN23"
"433","7/3/21","3","MN45","MN1"
"434","7/3/21","3","MN45","MN76"
"435","7/3/21","3","MN45","MN2"
"436","7/3/21","3","MN19","MN14"
"437","7/3/21","3","MN19","MN23"
"438","7/3/21","3","MN19","MN1"
"439","7/3/21","3","MN19","MN76"
"440","7/3/21","3","MN19","MN2"
"441","7/3/21","3","MN14","MN23"
"442","7/3/21","3","MN14","MN1"
"443","7/3/21","3","MN14","MN76"
"444","7/3/21","3","MN14","MN2"
"445","7/3/21","3","MN23","MN1"
"446","7/3/21","3","MN23","MN76"
"447","7/3/21","3","MN23","MN2"
"448","7/3/21","3","MN1","MN76"
"449","7/3/21","3","MN1","MN2"
"450","7/3/21","3","MN76","MN2"
"451","7/4/21","3","MN17","MN28"
"452","7/4/21","3","MN17","MN12"
"453","7/4/21","3","MN28","MN12"
"454","7/4/21","3","MN13B","MN13A"
"455","7/4/21","3","MN54","MN71"
"456","7/4/21","3","MN29","MN40"
"457","7/4/21","3","MN41","MN44"
"458","7/4/21","3","MN21","MN20"
"459","7/4/21","3","MN69","MN22"
"460","7/4/21","3","MN69","MN70"
"461","7/4/21","3","MN22","MN70"
"462","7/4/21","3","MN31","MN55"
"463","7/4/21","3","MN31","MN48"
"464","7/4/21","3","MN55","MN48"
"465","7/5/21","3","MN28","MN17"
"466","7/5/21","3","MN28","MN12"
"467","7/5/21","3","MN17","MN12"
"468","7/5/21","3","MN54","MN71"
"469","7/5/21","3","MN29","MN40"
"470","7/5/21","3","MN41","MN44"
"471","7/5/21","3","MN20","MN21"
"472","7/5/21","3","MN31","MN55"
"473","7/5/21","3","MN31","MN48"
"474","7/5/21","3","MN55","MN48"
"475","7/5/21","3","MN26","MN16"
"476","7/5/21","3","MN26","MN2"
"477","7/5/21","3","MN16","MN2"
"478","7/5/21","3","MN67","MN13B"
"479","7/6/21","3","MN28","MN17"
"480","7/6/21","3","MN13B","MN13A"
"481","7/6/21","3","MN40","MN29"
"482","7/6/21","3","MN44","MN41"
"483","7/6/21","3","MN21","MN20"
"484","7/6/21","3","MN31","MN55"
"485","7/6/21","3","MN15","MN60"
"486","7/6/21","3","MN76","MN16"
"487","7/6/21","3","MN76","MN26"
"488","7/6/21","3","MN76","MN2"
"489","7/6/21","3","MN16","MN26"
"490","7/6/21","3","MN16","MN2"
"491","7/6/21","3","MN26","MN2"
"492","7/7/21","3","MN17","MN12"
"493","7/7/21","3","MN17","MN28"
"494","7/7/21","3","MN12","MN28"
"495","7/7/21","3","MN13B","MN13A"
"496","7/7/21","3","MN54","MN71"
"497","7/7/21","3","MN40","MN29"
"498","7/7/21","3","MN41","MN44"
"499","7/7/21","3","MN20","MN21"
"500","7/7/21","3","MN70","MN69"
"501","7/7/21","3","MN70","MN22"
"502","7/7/21","3","MN69","MN22"
"503","7/7/21","3","MN55","MN31"
"504","7/7/21","3","MN26","MN16"
"505","7/7/21","3","MN1","MN13B"
"506","7/8/21","3","MN12","MN28"
"507","7/8/21","3","MN13B","MN13A"
"508","7/8/21","3","MN71","MN54"
"509","7/8/21","3","MN41","MN44"
"510","7/8/21","3","MN14","MN16"
"511","7/8/21","3","MN20","MN21"
"512","7/8/21","3","MN70","MN69"
"513","7/8/21","3","MN70","MN22"
"514","7/8/21","3","MN69","MN22"
"515","7/9/21","3","MN28","MN12"
"516","7/9/21","3","MN13A","MN13B"
"517","7/9/21","3","MN71","MN54"
"518","7/9/21","3","MN29","MN40"
"519","7/9/21","3","MN44","MN41"
"520","7/9/21","3","MN70","MN69"
"521","7/9/21","3","MN70","MN22"
"522","7/9/21","3","MN69","MN22"
"523","7/9/21","3","MN14","MN67"
"524","7/9/21","3","MN76","MN45"
"525","7/9/21","3","MN55","MN31"
